ID,Class Name,Is Tickable
actuallyadditions:batterybox,de.ellpeck.actuallyadditions.mod.tile.TileEntityBatteryBox,+
actuallyadditions:bioreactor,de.ellpeck.actuallyadditions.mod.tile.TileEntityBioReactor,+
actuallyadditions:breaker,de.ellpeck.actuallyadditions.mod.tile.TileEntityBreaker,+
actuallyadditions:canolapress,de.ellpeck.actuallyadditions.mod.tile.TileEntityCanolaPress,+
actuallyadditions:coalgenerator,de.ellpeck.actuallyadditions.mod.tile.TileEntityCoalGenerator,+
actuallyadditions:coffeemachine,de.ellpeck.actuallyadditions.mod.tile.TileEntityCoffeeMachine,+
actuallyadditions:compost,de.ellpeck.actuallyadditions.mod.tile.TileEntityCompost,+
actuallyadditions:directionalbreaker,de.ellpeck.actuallyadditions.mod.tile.TileEntityDirectionalBreaker,+
actuallyadditions:displaystand,de.ellpeck.actuallyadditions.mod.tile.TileEntityDisplayStand,+
actuallyadditions:dropper,de.ellpeck.actuallyadditions.mod.tile.TileEntityDropper,+
actuallyadditions:empowerer,de.ellpeck.actuallyadditions.mod.tile.TileEntityEmpowerer,+
actuallyadditions:energizer,de.ellpeck.actuallyadditions.mod.tile.TileEntityEnergizer,+
actuallyadditions:energyface,de.ellpeck.actuallyadditions.mod.tile.TileEntityPhantomEnergyface,+
actuallyadditions:enervator,de.ellpeck.actuallyadditions.mod.tile.TileEntityEnervator,+
actuallyadditions:farmer,de.ellpeck.actuallyadditions.mod.tile.TileEntityFarmer,+
actuallyadditions:feeder,de.ellpeck.actuallyadditions.mod.tile.TileEntityFeeder,+
actuallyadditions:fermentingbarrel,de.ellpeck.actuallyadditions.mod.tile.TileEntityFermentingBarrel,+
actuallyadditions:fireworkbox,de.ellpeck.actuallyadditions.mod.tile.TileEntityFireworkBox,+
actuallyadditions:fishingnet,de.ellpeck.actuallyadditions.mod.tile.TileEntityFishingNet,+
actuallyadditions:fluidcollector,de.ellpeck.actuallyadditions.mod.tile.TileEntityFluidCollector,+
actuallyadditions:fluidplacer,de.ellpeck.actuallyadditions.mod.tile.TileEntityFluidPlacer,+
actuallyadditions:furnacedouble,de.ellpeck.actuallyadditions.mod.tile.TileEntityFurnaceDouble,+
actuallyadditions:giantchest,de.ellpeck.actuallyadditions.mod.tile.TileEntityGiantChest,+
actuallyadditions:giantchestlarge,de.ellpeck.actuallyadditions.mod.tile.TileEntityGiantChestLarge,+
actuallyadditions:giantchestmedium,de.ellpeck.actuallyadditions.mod.tile.TileEntityGiantChestMedium,+
actuallyadditions:grinder,de.ellpeck.actuallyadditions.mod.tile.TileEntityGrinder,+
actuallyadditions:grinderdouble,de.ellpeck.actuallyadditions.mod.tile.TileEntityGrinderDouble,+
actuallyadditions:heatcollector,de.ellpeck.actuallyadditions.mod.tile.TileEntityHeatCollector,+
actuallyadditions:inputter,de.ellpeck.actuallyadditions.mod.tile.TileEntityInputter,+
actuallyadditions:inputteradvanced,de.ellpeck.actuallyadditions.mod.tile.TileEntityInputterAdvanced,+
actuallyadditions:itemviewer,de.ellpeck.actuallyadditions.mod.tile.TileEntityItemViewer,+
actuallyadditions:itemviewerhopping,de.ellpeck.actuallyadditions.mod.tile.TileEntityItemViewerHopping,+
actuallyadditions:laserrelay,de.ellpeck.actuallyadditions.mod.tile.TileEntityLaserRelayEnergy,+
actuallyadditions:laserrelayadvanced,de.ellpeck.actuallyadditions.mod.tile.TileEntityLaserRelayEnergyAdvanced,+
actuallyadditions:laserrelayextreme,de.ellpeck.actuallyadditions.mod.tile.TileEntityLaserRelayEnergyExtreme,+
actuallyadditions:laserrelayfluids,de.ellpeck.actuallyadditions.mod.tile.TileEntityLaserRelayFluids,+
actuallyadditions:laserrelayitem,de.ellpeck.actuallyadditions.mod.tile.TileEntityLaserRelayItem,+
actuallyadditions:laserrelayitemwhitelist,de.ellpeck.actuallyadditions.mod.tile.TileEntityLaserRelayItemWhitelist,+
actuallyadditions:lavafactory,de.ellpeck.actuallyadditions.mod.tile.TileEntityLavaFactoryController,+
actuallyadditions:leafgenerator,de.ellpeck.actuallyadditions.mod.tile.TileEntityLeafGenerator,+
actuallyadditions:liquiface,de.ellpeck.actuallyadditions.mod.tile.TileEntityPhantomLiquiface,+
actuallyadditions:miner,de.ellpeck.actuallyadditions.mod.tile.TileEntityMiner,+
actuallyadditions:oilgenerator,de.ellpeck.actuallyadditions.mod.tile.TileEntityOilGenerator,+
actuallyadditions:phantombooster,de.ellpeck.actuallyadditions.mod.tile.TileEntityPhantomBooster,+
actuallyadditions:phantombreaker,de.ellpeck.actuallyadditions.mod.tile.TileEntityPhantomBreaker,+
actuallyadditions:phantomface,de.ellpeck.actuallyadditions.mod.tile.TileEntityPhantomItemface,+
actuallyadditions:phantomplacer,de.ellpeck.actuallyadditions.mod.tile.TileEntityPhantomPlacer,+
actuallyadditions:placer,de.ellpeck.actuallyadditions.mod.tile.TileEntityPlacer,+
actuallyadditions:playerinterface,de.ellpeck.actuallyadditions.mod.tile.TileEntityPlayerInterface,+
actuallyadditions:rangedcollector,de.ellpeck.actuallyadditions.mod.tile.TileEntityRangedCollector,+
actuallyadditions:reconstructor,de.ellpeck.actuallyadditions.mod.tile.TileEntityAtomicReconstructor,+
actuallyadditions:redstoneface,de.ellpeck.actuallyadditions.mod.tile.TileEntityPhantomRedstoneface,+
actuallyadditions:repairer,de.ellpeck.actuallyadditions.mod.tile.TileEntityItemRepairer,+
actuallyadditions:shocksuppressor,de.ellpeck.actuallyadditions.mod.tile.TileEntityShockSuppressor,+
actuallyadditions:smileycloud,de.ellpeck.actuallyadditions.mod.tile.TileEntitySmileyCloud,+
actuallyadditions:solarpanel,de.ellpeck.actuallyadditions.mod.tile.TileEntityFurnaceSolar,+
actuallyadditions:xpsolidifier,de.ellpeck.actuallyadditions.mod.tile.TileEntityXPSolidifier,+
advgenerators:control,net.bdew.generators.modules.control.TileControl,-
advgenerators:efficiency_upgrade_tier1,net.bdew.generators.modules.efficiency.TileEfficiencyUpgradeTier1,-
advgenerators:efficiency_upgrade_tier2,net.bdew.generators.modules.efficiency.TileEfficiencyUpgradeTier2,-
advgenerators:exchanger_controller,net.bdew.generators.controllers.exchanger.TileExchangerController,+
advgenerators:fluid_input,net.bdew.generators.modules.fluidInput.TileFluidInput,-
advgenerators:fluid_output_select,net.bdew.generators.modules.fluidOutputSelect.TileFluidOutputSelect,+
advgenerators:forge_output,net.bdew.generators.modules.forgeOutput.TileForgeOutput,+
advgenerators:fuel_tank,net.bdew.generators.modules.fuelTank.TileFuelTank,-
advgenerators:generators_data_port,net.bdew.generators.modules.dataport.TileDataPort,-
advgenerators:heat_exchanger,net.bdew.generators.modules.exchanger.TileExchanger,-
advgenerators:heating_chamber,net.bdew.generators.modules.heatingChamber.TileHeatingChamber,-
advgenerators:item_input,net.bdew.generators.modules.itemInput.TileItemInput,-
advgenerators:item_output,net.bdew.generators.modules.itemOutput.TileItemOutput,+
advgenerators:mixing_chamber,net.bdew.generators.modules.mixingChamber.TileMixingChamber,-
advgenerators:rf_output,net.bdew.generators.modules.rfOutput.TileRfOutput,+
advgenerators:sensor,net.bdew.generators.modules.sensor.TileSensor,+
advgenerators:steam_turbine_controller,net.bdew.generators.controllers.steam.TileSteamTurbineController,+
advgenerators:syngas_controller,net.bdew.generators.controllers.syngas.TileSyngasController,+
advgenerators:turbine_controller,net.bdew.generators.controllers.turbine.TileTurbineController,+
ae2stuff:encoder,net.bdew.ae2stuff.machines.encoder.TileEncoder,+
ae2stuff:grower,net.bdew.ae2stuff.machines.grower.TileGrower,+
ae2stuff:inscriber,net.bdew.ae2stuff.machines.inscriber.TileInscriber,+
ae2stuff:wireless,net.bdew.ae2stuff.machines.wireless.TileWireless,+
appliedenergistics2:blockcablebus,appeng.tile.networking.TileCableBus,-
appliedenergistics2:cell_workbench,appeng.tile.misc.TileCellWorkbench,-
appliedenergistics2:charger,appeng.tile.misc.TileCharger,-
appliedenergistics2:chest,appeng.tile.storage.TileChest,+
appliedenergistics2:clientonly_tesr_cablebus,appeng.tile.networking.TileCableBusTESR,-
appliedenergistics2:condenser,appeng.tile.misc.TileCondenser,-
appliedenergistics2:controller,appeng.tile.networking.TileController,-
appliedenergistics2:crafting_monitor,appeng.tile.crafting.TileCraftingMonitorTile,-
appliedenergistics2:crafting_storage,appeng.tile.crafting.TileCraftingStorageTile,-
appliedenergistics2:crafting_unit,appeng.tile.crafting.TileCraftingTile,-
appliedenergistics2:crank,appeng.tile.grindstone.TileCrank,+
appliedenergistics2:creative_energy_cell,appeng.tile.networking.TileCreativeEnergyCell,-
appliedenergistics2:dense_energy_cell,appeng.tile.networking.TileDenseEnergyCell,-
appliedenergistics2:drive,appeng.tile.storage.TileDrive,-
appliedenergistics2:energy_acceptor,appeng.tile.networking.TileEnergyAcceptor,-
appliedenergistics2:energy_cell,appeng.tile.networking.TileEnergyCell,-
appliedenergistics2:fluid_interface,appeng.fluids.tile.TileFluidInterface,-
appliedenergistics2:grindstone,appeng.tile.grindstone.TileGrinder,-
appliedenergistics2:inscriber,appeng.tile.misc.TileInscriber,-
appliedenergistics2:interface,appeng.tile.misc.TileInterface,-
appliedenergistics2:io_port,appeng.tile.storage.TileIOPort,-
appliedenergistics2:light_detector,appeng.tile.misc.TileLightDetector,+
appliedenergistics2:molecular_assembler,appeng.tile.crafting.TileMolecularAssembler,-
appliedenergistics2:paint,appeng.tile.misc.TilePaint,-
appliedenergistics2:quantum_ring,appeng.tile.qnb.TileQuantumBridge,+
appliedenergistics2:quartz_growth_accelerator,appeng.tile.misc.TileQuartzGrowthAccelerator,-
appliedenergistics2:security_station,appeng.tile.misc.TileSecurityStation,-
appliedenergistics2:sky_compass,appeng.tile.misc.TileSkyCompass,-
appliedenergistics2:spatial_io_port,appeng.tile.spatial.TileSpatialIOPort,-
appliedenergistics2:spatial_pylon,appeng.tile.spatial.TileSpatialPylon,-
appliedenergistics2:vibration_chamber,appeng.tile.misc.TileVibrationChamber,-
appliedenergistics2:wireless_access_point,appeng.tile.networking.TileWireless,-
architecturecraft:sawbench,com.elytradev.architecture.common.tile.TileSawbench,-
architecturecraft:shape,com.elytradev.architecture.common.tile.TileShape,-
botania:alfheimportal,vazkii.botania.common.block.tile.TileAlfPortal,+
botania:altar,vazkii.botania.common.block.tile.TileAltar,+
botania:animatedtorch,vazkii.botania.common.block.tile.TileAnimatedTorch,+
botania:avatar,vazkii.botania.common.block.tile.TileAvatar,+
botania:bellows,vazkii.botania.common.block.tile.mana.TileBellows,+
botania:bifrost,vazkii.botania.common.block.tile.TileBifrost,+
botania:brewery,vazkii.botania.common.block.tile.TileBrewery,+
botania:cacophoniumblock,vazkii.botania.common.block.tile.TileCacophonium,-
botania:cellblock,vazkii.botania.common.block.tile.TileCell,-
botania:cocoon,vazkii.botania.common.block.tile.TileCocoon,+
botania:corporeacrystalcube,vazkii.botania.common.block.tile.corporea.TileCorporeaCrystalCube,+
botania:corporeafunnel,vazkii.botania.common.block.tile.corporea.TileCorporeaFunnel,-
botania:corporeaindex,vazkii.botania.common.block.tile.corporea.TileCorporeaIndex,+
botania:corporeainterceptor,vazkii.botania.common.block.tile.corporea.TileCorporeaInterceptor,-
botania:corporearetainer,vazkii.botania.common.block.tile.corporea.TileCorporeaRetainer,-
botania:craftcrate,vazkii.botania.common.block.tile.TileCraftCrate,+
botania:distributor,vazkii.botania.common.block.tile.mana.TileDistributor,+
botania:enchanter,vazkii.botania.common.block.tile.TileEnchanter,+
botania:endereyeblock,vazkii.botania.common.block.tile.TileEnderEye,+
botania:fakeair,vazkii.botania.common.block.tile.TileFakeAir,-
botania:floatingspecialflower,vazkii.botania.common.block.tile.TileFloatingSpecialFlower,+
botania:foresteye,vazkii.botania.common.block.tile.TileForestEye,+
botania:gaiaheadblock,vazkii.botania.common.block.tile.TileGaiaHead,+
botania:hourglass,vazkii.botania.common.block.tile.TileHourglass,+
botania:incenseplate,vazkii.botania.common.block.tile.TileIncensePlate,+
botania:lightrelay,vazkii.botania.common.block.tile.TileLightRelay,+
botania:manadetector,vazkii.botania.common.block.tile.mana.TileManaDetector,+
botania:manaflame,vazkii.botania.common.block.tile.TileManaFlame,+
botania:manavoid,vazkii.botania.common.block.tile.mana.TileManaVoid,-
botania:miniisland,vazkii.botania.common.block.tile.TileFloatingFlower,-
botania:opencrate,vazkii.botania.common.block.tile.TileOpenCrate,+
botania:platform,vazkii.botania.common.block.tile.TilePlatform,-
botania:pool,vazkii.botania.common.block.tile.mana.TilePool,+
botania:prism,vazkii.botania.common.block.tile.mana.TilePrism,-
botania:pump,vazkii.botania.common.block.tile.mana.TilePump,+
botania:pylon,vazkii.botania.common.block.tile.TilePylon,+
botania:redstringcomparator,vazkii.botania.common.block.tile.string.TileRedStringComparator,+
botania:redstringcontainer,vazkii.botania.common.block.tile.string.TileRedStringContainer,+
botania:redstringdispenser,vazkii.botania.common.block.tile.string.TileRedStringDispenser,+
botania:redstringfertilizer,vazkii.botania.common.block.tile.string.TileRedStringFertilizer,+
botania:redstringinterceptor,vazkii.botania.common.block.tile.string.TileRedStringInterceptor,+
botania:redstringrelay,vazkii.botania.common.block.tile.string.TileRedStringRelay,+
botania:rfgenerator,vazkii.botania.common.block.tile.mana.TileRFGenerator,+
botania:runealtar,vazkii.botania.common.block.tile.TileRuneAltar,+
botania:sparkchanger,vazkii.botania.common.block.tile.TileSparkChanger,-
botania:spawnerclaw,vazkii.botania.common.block.tile.TileSpawnerClaw,+
botania:specialflower,vazkii.botania.common.block.tile.TileSpecialFlower,+
botania:spreader,vazkii.botania.common.block.tile.mana.TileSpreader,+
botania:starfield,vazkii.botania.common.block.tile.TileStarfield,+
botania:terraplate,vazkii.botania.common.block.tile.TileTerraPlate,+
botania:teruterubozu,vazkii.botania.common.block.tile.TileTeruTeruBozu,+
botania:tinyplanetblock,vazkii.botania.common.block.tile.TileTinyPlanet,+
botania:tinypotato,vazkii.botania.common.block.tile.TileTinyPotato,+
botania:turntable,vazkii.botania.common.block.tile.mana.TileTurntable,+
ccmp:saved_multipart,codechicken.multipart.handler.MultipartSaveLoad$TileNBTContainer,+
chisel:auto_chisel,team.chisel.common.block.TileAutoChisel,+
colossalchests:colossal_chest,org.cyclops.colossalchests.tileentity.TileColossalChest,+
colossalchests:interface,org.cyclops.colossalchests.tileentity.TileInterface,-
colossalchests:uncolossal_chest,org.cyclops.colossalchests.tileentity.TileUncolossalChest,+
computercraft:advanced_modem,dan200.computercraft.shared.peripheral.modem.wireless.TileAdvancedModem,-
computercraft:ccprinter,dan200.computercraft.shared.peripheral.printer.TilePrinter,+
computercraft:command_computer,dan200.computercraft.shared.computer.blocks.TileCommandComputer,+
computercraft:computer,dan200.computercraft.shared.computer.blocks.TileComputer,+
computercraft:diskdrive,dan200.computercraft.shared.peripheral.diskdrive.TileDiskDrive,+
computercraft:monitor,dan200.computercraft.shared.peripheral.monitor.TileMonitor,-
computercraft:speaker,dan200.computercraft.shared.peripheral.speaker.TileSpeaker,+
computercraft:turtle,dan200.computercraft.shared.turtle.blocks.TileTurtle,+
computercraft:turtleadv,dan200.computercraft.shared.turtle.blocks.TileTurtleAdvanced,+
computercraft:turtleex,dan200.computercraft.shared.turtle.blocks.TileTurtleExpanded,+
computercraft:wired_modem_full,dan200.computercraft.shared.peripheral.modem.wired.TileWiredModemFull,-
computercraft:wiredmodem,dan200.computercraft.shared.peripheral.modem.wired.TileCable,-
computercraft:wirelessmodem,dan200.computercraft.shared.peripheral.modem.wireless.TileWirelessModem,-
cookingforblockheads:cabinet,net.blay09.mods.cookingforblockheads.tile.TileCabinet,+
cookingforblockheads:cooking_table,net.blay09.mods.cookingforblockheads.tile.TileCookingTable,-
cookingforblockheads:corner,net.blay09.mods.cookingforblockheads.tile.TileCorner,-
cookingforblockheads:counter,net.blay09.mods.cookingforblockheads.tile.TileCounter,+
cookingforblockheads:cow_jar,net.blay09.mods.cookingforblockheads.tile.TileCowJar,+
cookingforblockheads:cutting_board,net.blay09.mods.cookingforblockheads.tile.TileCuttingBoard,-
cookingforblockheads:fridge,net.blay09.mods.cookingforblockheads.tile.TileFridge,+
cookingforblockheads:fruit_basket,net.blay09.mods.cookingforblockheads.tile.TileFruitBasket,-
cookingforblockheads:milk_jar,net.blay09.mods.cookingforblockheads.tile.TileMilkJar,-
cookingforblockheads:oven,net.blay09.mods.cookingforblockheads.tile.TileOven,+
cookingforblockheads:sink,net.blay09.mods.cookingforblockheads.tile.TileSink,-
cookingforblockheads:spice_rack,net.blay09.mods.cookingforblockheads.tile.TileSpiceRack,-
cookingforblockheads:toaster,net.blay09.mods.cookingforblockheads.tile.TileToaster,+
cookingforblockheads:tool_rack,net.blay09.mods.cookingforblockheads.tile.TileToolRack,-
draconicevolution:celestial_manipulator,com.brandon3055.draconicevolution.blocks.tileentity.TileCelestialManipulator,+
draconicevolution:chaos_crystal,com.brandon3055.draconicevolution.blocks.tileentity.TileChaosCrystal,+
draconicevolution:crafting_injector,com.brandon3055.draconicevolution.blocks.tileentity.TileCraftingInjector,-
draconicevolution:creative_rf_source,com.brandon3055.draconicevolution.blocks.tileentity.TileCreativeRFCapacitor,+
draconicevolution:dislocator_pedestal,com.brandon3055.draconicevolution.blocks.tileentity.TileDislocatorPedestal,-
draconicevolution:dislocator_receptacle,com.brandon3055.draconicevolution.blocks.tileentity.TileDislocatorReceptacle,+
draconicevolution:diss_enchanter,com.brandon3055.draconicevolution.blocks.tileentity.TileDissEnchanter,-
draconicevolution:draconic_spawner,com.brandon3055.draconicevolution.blocks.tileentity.TileStabilizedSpawner,+
draconicevolution:draconium_chest,com.brandon3055.draconicevolution.blocks.tileentity.TileDraconiumChest,+
draconicevolution:energy_infuser,com.brandon3055.draconicevolution.blocks.tileentity.TileEnergyInfuser,+
draconicevolution:energy_io,com.brandon3055.draconicevolution.blocks.energynet.tileentity.TileCrystalDirectIO,+
draconicevolution:energy_pylon,com.brandon3055.draconicevolution.blocks.tileentity.TileEnergyPylon,+
draconicevolution:energy_relay,com.brandon3055.draconicevolution.blocks.energynet.tileentity.TileCrystalRelay,+
draconicevolution:energy_storage_core,com.brandon3055.draconicevolution.blocks.tileentity.TileEnergyStorageCore,+
draconicevolution:energy_wireless,com.brandon3055.draconicevolution.blocks.energynet.tileentity.TileCrystalWirelessIO,+
draconicevolution:entity_detector,com.brandon3055.draconicevolution.blocks.tileentity.TileEntityDetector,+
draconicevolution:fluid_gate,com.brandon3055.draconicevolution.blocks.tileentity.flowgate.TileFluidGate,+
draconicevolution:flux_gate,com.brandon3055.draconicevolution.blocks.tileentity.flowgate.TileFluxGate,+
draconicevolution:fusion_crafting_core,com.brandon3055.draconicevolution.blocks.tileentity.TileFusionCraftingCore,+
draconicevolution:generator,com.brandon3055.draconicevolution.blocks.tileentity.TileGenerator,+
draconicevolution:grinder,com.brandon3055.draconicevolution.blocks.tileentity.TileGrinder,+
draconicevolution:invis_e_core_block,com.brandon3055.draconicevolution.blocks.tileentity.TileInvisECoreBlock,-
draconicevolution:particle_generator.particle,com.brandon3055.draconicevolution.blocks.tileentity.TileParticleGenerator,+
draconicevolution:particle_generator.stabilize,com.brandon3055.draconicevolution.blocks.tileentity.TileEnergyCoreStabilizer,+
draconicevolution:placed_item,com.brandon3055.draconicevolution.blocks.tileentity.TilePlacedItem,-
draconicevolution:portal,com.brandon3055.draconicevolution.blocks.tileentity.TilePortal,-
draconicevolution:potentiometer,com.brandon3055.draconicevolution.blocks.tileentity.TilePotentiometer,-
draconicevolution:rain_sensor,com.brandon3055.draconicevolution.blocks.tileentity.TileRainSensor,-
draconicevolution:reactor_component_injector,com.brandon3055.draconicevolution.blocks.reactor.tileentity.TileReactorEnergyInjector,+
draconicevolution:reactor_component_stabilizer,com.brandon3055.draconicevolution.blocks.reactor.tileentity.TileReactorStabilizer,+
draconicevolution:reactor_core,com.brandon3055.draconicevolution.blocks.reactor.tileentity.TileReactorCore,+
enderio:tile_alloy_smelter,crazypants.enderio.machines.machine.alloy.TileAlloySmelter,+
enderio:tile_alloy_smelter_enhanced,crazypants.enderio.machines.machine.alloy.TileAlloySmelter$Enhanced,+
enderio:tile_alloy_smelter_furnace,crazypants.enderio.machines.machine.alloy.TileAlloySmelter$Furnace,+
enderio:tile_alloy_smelter_simple,crazypants.enderio.machines.machine.alloy.TileAlloySmelter$Simple,+
enderio:tile_attractor,crazypants.enderio.machines.machine.obelisk.attractor.TileAttractor,+
enderio:tile_aversion_obelisk,crazypants.enderio.machines.machine.obelisk.aversion.TileAversionObelisk,+
enderio:tile_buffer_abstract,crazypants.enderio.machines.machine.buffer.TileBuffer,+
enderio:tile_buffer_creative,crazypants.enderio.machines.machine.buffer.TileBuffer$TileBufferCreative,+
enderio:tile_buffer_item,crazypants.enderio.machines.machine.buffer.TileBuffer$TileBufferItem,+
enderio:tile_buffer_omni,crazypants.enderio.machines.machine.buffer.TileBuffer$TileBufferOmni,+
enderio:tile_buffer_power,crazypants.enderio.machines.machine.buffer.TileBuffer$TileBufferPower,+
enderio:tile_cap_bank,crazypants.enderio.powertools.machine.capbank.TileCapBank,+
enderio:tile_combustion_generator,crazypants.enderio.machines.machine.generator.combustion.TileCombustionGenerator,+
enderio:tile_combustion_generator_enhanced,crazypants.enderio.machines.machine.generator.combustion.TileCombustionGenerator$Enhanced,+
enderio:tile_conduit_bundle,crazypants.enderio.conduits.conduit.TileConduitBundle,+
enderio:tile_crafter,crazypants.enderio.machines.machine.crafter.TileCrafter,+
enderio:tile_creative_spawner,crazypants.enderio.machines.machine.spawner.creative.TileCreativeSpawner,+
enderio:tile_dialing_device,crazypants.enderio.machines.machine.teleport.telepad.TileDialingDevice,+
enderio:tile_electric_light,crazypants.enderio.machines.machine.light.TileElectricLight,+
enderio:tile_enchanter,crazypants.enderio.machines.machine.enchanter.TileEnchanter,+
enderio:tile_ender_generator,crazypants.enderio.machines.machine.generator.zombie.TileZombieGenerator$TileEnderGenerator,+
enderio:tile_enderman_skull,crazypants.enderio.base.block.skull.TileEndermanSkull,+
enderio:tile_entity_painted_block,crazypants.enderio.base.block.painted.TileEntityPaintedBlock,+
enderio:tile_entity_painter,crazypants.enderio.machines.machine.painter.TileEntityPainter,+
enderio:tile_entity_twice_painted_block,crazypants.enderio.base.block.painted.TileEntityTwicePaintedBlock,+
enderio:tile_experience_obelisk,crazypants.enderio.machines.machine.obelisk.xp.TileExperienceObelisk,+
enderio:tile_farm_station,crazypants.enderio.machines.machine.farm.TileFarmStation,+
enderio:tile_franken_zombie_generator,crazypants.enderio.machines.machine.generator.zombie.TileZombieGenerator$TileFrankenZombieGenerator,+
enderio:tile_gauge,crazypants.enderio.powertools.machine.gauge.TileGauge,+
enderio:tile_impulse_hopper,crazypants.enderio.machines.machine.ihopper.TileImpulseHopper,+
enderio:tile_inhibitor_obelisk,crazypants.enderio.machines.machine.obelisk.inhibitor.TileInhibitorObelisk,+
enderio:tile_killer_joe,crazypants.enderio.machines.machine.killera.TileKillerJoe,+
enderio:tile_lava_generator,crazypants.enderio.machines.machine.generator.lava.TileLavaGenerator,+
enderio:tile_light_node,crazypants.enderio.machines.machine.light.TileLightNode,+
enderio:tile_omni_reservoir,crazypants.enderio.machines.machine.reservoir.TileReservoirBase$TileOmniReservoir,+
enderio:tile_painted_pressure_plate,crazypants.enderio.base.block.painted.TilePaintedPressurePlate,+
enderio:tile_power_monitor,crazypants.enderio.powertools.machine.monitor.TilePowerMonitor,+
enderio:tile_powered_spawner,crazypants.enderio.machines.machine.spawner.TilePoweredSpawner,+
enderio:tile_relocator_obelisk,crazypants.enderio.machines.machine.obelisk.relocator.TileRelocatorObelisk,+
enderio:tile_reservoir,crazypants.enderio.machines.machine.reservoir.TileReservoirBase$TileReservoir,+
enderio:tile_sag_mill,crazypants.enderio.machines.machine.sagmill.TileSagMill$Normal,+
enderio:tile_sag_mill_enhanced,crazypants.enderio.machines.machine.sagmill.TileSagMill$Enhanced,+
enderio:tile_sag_mill_simple,crazypants.enderio.machines.machine.sagmill.TileSagMill$Simple,+
enderio:tile_simple_crafter,crazypants.enderio.machines.machine.crafter.TileCrafter$Simple,+
enderio:tile_slice_and_splice,crazypants.enderio.machines.machine.slicensplice.TileSliceAndSplice,+
enderio:tile_solar_panel,crazypants.enderio.machines.machine.solar.TileSolarPanel,+
enderio:tile_soul_binder,crazypants.enderio.machines.machine.soul.TileSoulBinder,+
enderio:tile_stirling_generator,crazypants.enderio.machines.machine.generator.stirling.TileStirlingGenerator,+
enderio:tile_stirling_generator_simple,crazypants.enderio.machines.machine.generator.stirling.TileStirlingGenerator$Simple,+
enderio:tile_tank,crazypants.enderio.machines.machine.tank.TileTank,+
enderio:tile_tele_pad,crazypants.enderio.machines.machine.teleport.telepad.TileTelePad,+
enderio:tile_transceiver,crazypants.enderio.machines.machine.transceiver.TileTransceiver,+
enderio:tile_travel_anchor,crazypants.enderio.machines.machine.teleport.anchor.TileTravelAnchor,+
enderio:tile_vacuum_chest,crazypants.enderio.machines.machine.vacuum.chest.TileVacuumChest,+
enderio:tile_vat,crazypants.enderio.machines.machine.vat.TileVat,+
enderio:tile_vat_enhanced,crazypants.enderio.machines.machine.vat.TileVat$Enhanced,+
enderio:tile_weather_obelisk,crazypants.enderio.machines.machine.obelisk.weather.TileWeatherObelisk,+
enderio:tile_wired_charger,crazypants.enderio.machines.machine.wired.TileWiredCharger,+
enderio:tile_wired_charger_enhanced,crazypants.enderio.machines.machine.wired.TileWiredCharger$Enhanced,+
enderio:tile_wired_charger_simple,crazypants.enderio.machines.machine.wired.TileWiredCharger$Simple,+
enderio:tile_wireless_charger,crazypants.enderio.machines.machine.wireless.TileWirelessCharger,+
enderio:tile_x_p_vacuum,crazypants.enderio.machines.machine.vacuum.xp.TileXPVacuum,+
enderio:tile_zombie_generator,crazypants.enderio.machines.machine.generator.zombie.TileZombieGenerator,+
forestry:alveary_fan,forestry.apiculture.multiblock.TileAlvearyFan,-
forestry:alveary_heater,forestry.apiculture.multiblock.TileAlvearyHeater,-
forestry:alveary_hygro,forestry.apiculture.multiblock.TileAlvearyHygroregulator,-
forestry:alveary_plain,forestry.apiculture.multiblock.TileAlvearyPlain,-
forestry:alveary_sieve,forestry.apiculture.multiblock.TileAlvearySieve,-
forestry:alveary_stabiliser,forestry.apiculture.multiblock.TileAlvearyStabiliser,-
forestry:alveary_swarmer,forestry.apiculture.multiblock.TileAlvearySwarmer,-
forestry:analyzer,forestry.core.tiles.TileAnalyzer,+
forestry:api_chest,forestry.apiculture.tiles.TileApiaristChest,+
forestry:apiary,forestry.apiculture.tiles.TileApiary,+
forestry:arb_chest,forestry.arboriculture.tiles.TileArboristChest,+
forestry:arboretum,forestry.cultivation.tiles.TileArboretum,+
forestry:bee_house,forestry.apiculture.tiles.TileBeeHouse,+
forestry:biogas,forestry.energy.tiles.TileEngineBiogas,+
forestry:bottler,forestry.factory.tiles.TileBottler,+
forestry:candle,forestry.apiculture.tiles.TileCandle,-
forestry:carpenter,forestry.factory.tiles.TileCarpenter,+
forestry:centrifuge,forestry.factory.tiles.TileCentrifuge,+
forestry:clockwork,forestry.energy.tiles.TileEngineClockwork,+
forestry:cocoon,forestry.lepidopterology.tiles.TileCocoon,-
forestry:database,forestry.database.tiles.TileDatabase,+
forestry:escritoire,forestry.core.tiles.TileEscritoire,+
forestry:fabricator,forestry.factory.tiles.TileFabricator,+
forestry:farm,forestry.farming.tiles.TileFarmPlain,-
forestry:farm_control,forestry.farming.tiles.TileFarmControl,-
forestry:farm_crop,forestry.cultivation.tiles.TileFarmCrops,+
forestry:farm_ender,forestry.cultivation.tiles.TileFarmEnder,+
forestry:farm_gearbox,forestry.farming.tiles.TileFarmGearbox,-
forestry:farm_gourd,forestry.cultivation.tiles.TileFarmGourd,+
forestry:farm_hatch,forestry.farming.tiles.TileFarmHatch,-
forestry:farm_mushroom,forestry.cultivation.tiles.TileFarmMushroom,+
forestry:farm_nether,forestry.cultivation.tiles.TileFarmNether,+
forestry:farm_valve,forestry.farming.tiles.TileFarmValve,-
forestry:fermenter,forestry.factory.tiles.TileFermenter,+
forestry:genetic_filter,forestry.sorting.tiles.TileGeneticFilter,+
forestry:habitat_former,forestry.climatology.tiles.TileHabitatFormer,+
forestry:hive_wild,forestry.apiculture.tiles.TileHive,+
forestry:leaves,forestry.arboriculture.tiles.TileLeaves,-
forestry:lepi_chest,forestry.lepidopterology.tiles.TileLepidopteristChest,+
forestry:mailbox,forestry.mail.tiles.TileMailbox,+
forestry:moistener,forestry.factory.tiles.TileMoistener,+
forestry:peat,forestry.energy.tiles.TileEnginePeat,+
forestry:peat_bog,forestry.cultivation.tiles.TileBog,+
forestry:pods,forestry.arboriculture.tiles.TileFruitPod,-
forestry:rainmaker,forestry.factory.tiles.TileMillRainmaker,+
forestry:raintank,forestry.factory.tiles.TileRaintank,+
forestry:sapling,forestry.arboriculture.tiles.TileSapling,-
forestry:squeezer,forestry.factory.tiles.TileSqueezer,+
forestry:stamp_collector,forestry.mail.tiles.TileStampCollector,+
forestry:still,forestry.factory.tiles.TileStill,+
forestry:trade_station,forestry.mail.tiles.TileTrader,+
forestry:worktable,forestry.worktable.tiles.TileWorktable,+
immersiveengineering:alloysmelter,blusunrize.immersiveengineering.common.blocks.stone.TileEntityAlloySmelter,+
immersiveengineering:arcfurnace,blusunrize.immersiveengineering.common.blocks.metal.TileEntityArcFurnace,+
immersiveengineering:assembler,blusunrize.immersiveengineering.common.blocks.metal.TileEntityAssembler,+
immersiveengineering:autoworkbench,blusunrize.immersiveengineering.common.blocks.metal.TileEntityAutoWorkbench,+
immersiveengineering:balloon,blusunrize.immersiveengineering.common.blocks.cloth.TileEntityBalloon,+
immersiveengineering:belljar,blusunrize.immersiveengineering.common.blocks.metal.TileEntityBelljar,+
immersiveengineering:blastfurnace,blusunrize.immersiveengineering.common.blocks.stone.TileEntityBlastFurnace,+
immersiveengineering:blastfurnaceadvanced,blusunrize.immersiveengineering.common.blocks.stone.TileEntityBlastFurnaceAdvanced,+
immersiveengineering:blastfurnacepreheater,blusunrize.immersiveengineering.common.blocks.metal.TileEntityBlastFurnacePreheater,-
immersiveengineering:bottlingmachine,blusunrize.immersiveengineering.common.blocks.metal.TileEntityBottlingMachine,+
immersiveengineering:breakerswitch,blusunrize.immersiveengineering.common.blocks.metal.TileEntityBreakerSwitch,-
immersiveengineering:bucketwheel,blusunrize.immersiveengineering.common.blocks.metal.TileEntityBucketWheel,+
immersiveengineering:capacitorcreative,blusunrize.immersiveengineering.common.blocks.metal.TileEntityCapacitorCreative,+
immersiveengineering:capacitorhv,blusunrize.immersiveengineering.common.blocks.metal.TileEntityCapacitorHV,+
immersiveengineering:capacitorlv,blusunrize.immersiveengineering.common.blocks.metal.TileEntityCapacitorLV,+
immersiveengineering:capacitormv,blusunrize.immersiveengineering.common.blocks.metal.TileEntityCapacitorMV,+
immersiveengineering:chargingstation,blusunrize.immersiveengineering.common.blocks.metal.TileEntityChargingStation,+
immersiveengineering:cokeoven,blusunrize.immersiveengineering.common.blocks.stone.TileEntityCokeOven,+
immersiveengineering:connectorhv,blusunrize.immersiveengineering.common.blocks.metal.TileEntityConnectorHV,+
immersiveengineering:connectorlv,blusunrize.immersiveengineering.common.blocks.metal.TileEntityConnectorLV,+
immersiveengineering:connectormv,blusunrize.immersiveengineering.common.blocks.metal.TileEntityConnectorMV,+
immersiveengineering:connectorprobe,blusunrize.immersiveengineering.common.blocks.metal.TileEntityConnectorProbe,+
immersiveengineering:connectorredstone,blusunrize.immersiveengineering.common.blocks.metal.TileEntityConnectorRedstone,+
immersiveengineering:connectorstructural,blusunrize.immersiveengineering.common.blocks.metal.TileEntityConnectorStructural,+
immersiveengineering:conveyorbelt,blusunrize.immersiveengineering.common.blocks.metal.TileEntityConveyorBelt,+
immersiveengineering:conveyorvertical,blusunrize.immersiveengineering.common.blocks.metal.TileEntityConveyorVertical,+
immersiveengineering:coresample,blusunrize.immersiveengineering.common.blocks.stone.TileEntityCoresample,-
immersiveengineering:crusher,blusunrize.immersiveengineering.common.blocks.metal.TileEntityCrusher,+
immersiveengineering:dieselgenerator,blusunrize.immersiveengineering.common.blocks.metal.TileEntityDieselGenerator,+
immersiveengineering:dynamo,blusunrize.immersiveengineering.common.blocks.metal.TileEntityDynamo,-
immersiveengineering:electriclantern,blusunrize.immersiveengineering.common.blocks.metal.TileEntityElectricLantern,+
immersiveengineering:energymeter,blusunrize.immersiveengineering.common.blocks.metal.TileEntityEnergyMeter,+
immersiveengineering:excavator,blusunrize.immersiveengineering.common.blocks.metal.TileEntityExcavator,+
immersiveengineering:fakelight,blusunrize.immersiveengineering.common.blocks.BlockFakeLight$TileEntityFakeLight,+
immersiveengineering:feedthrough,blusunrize.immersiveengineering.common.blocks.metal.TileEntityFeedthrough,-
immersiveengineering:fermenter,blusunrize.immersiveengineering.common.blocks.metal.TileEntityFermenter,+
immersiveengineering:floodlight,blusunrize.immersiveengineering.common.blocks.metal.TileEntityFloodlight,+
immersiveengineering:fluidpipe,blusunrize.immersiveengineering.common.blocks.metal.TileEntityFluidPipe,-
immersiveengineering:fluidplacer,blusunrize.immersiveengineering.common.blocks.metal.TileEntityFluidPlacer,+
immersiveengineering:fluidpump,blusunrize.immersiveengineering.common.blocks.metal.TileEntityFluidPump,+
immersiveengineering:fluidsorter,blusunrize.immersiveengineering.common.blocks.wooden.TileEntityFluidSorter,-
immersiveengineering:furnaceheater,blusunrize.immersiveengineering.common.blocks.metal.TileEntityFurnaceHeater,+
immersiveengineering:ieslab,blusunrize.immersiveengineering.common.blocks.TileEntityIESlab,-
immersiveengineering:ladder,blusunrize.immersiveengineering.common.blocks.metal.TileEntityLadder,-
immersiveengineering:lantern,blusunrize.immersiveengineering.common.blocks.metal.TileEntityLantern,-
immersiveengineering:lightningrod,blusunrize.immersiveengineering.common.blocks.metal.TileEntityLightningrod,+
immersiveengineering:metalbarrel,blusunrize.immersiveengineering.common.blocks.metal.TileEntityMetalBarrel,+
immersiveengineering:metalpress,blusunrize.immersiveengineering.common.blocks.metal.TileEntityMetalPress,+
immersiveengineering:mixer,blusunrize.immersiveengineering.common.blocks.metal.TileEntityMixer,+
immersiveengineering:modworkbench,blusunrize.immersiveengineering.common.blocks.wooden.TileEntityModWorkbench,-
immersiveengineering:razorwire,blusunrize.immersiveengineering.common.blocks.metal.TileEntityRazorWire,-
immersiveengineering:redstonebreaker,blusunrize.immersiveengineering.common.blocks.metal.TileEntityRedstoneBreaker,+
immersiveengineering:refinery,blusunrize.immersiveengineering.common.blocks.metal.TileEntityRefinery,+
immersiveengineering:relayhv,blusunrize.immersiveengineering.common.blocks.metal.TileEntityRelayHV,+
immersiveengineering:relaylv,blusunrize.immersiveengineering.common.blocks.metal.TileEntityRelayLV,+
immersiveengineering:relaymv,blusunrize.immersiveengineering.common.blocks.metal.TileEntityRelayMV,+
immersiveengineering:sampledrill,blusunrize.immersiveengineering.common.blocks.metal.TileEntitySampleDrill,+
immersiveengineering:shaderbanner,blusunrize.immersiveengineering.common.blocks.cloth.TileEntityShaderBanner,-
immersiveengineering:sheetmetaltank,blusunrize.immersiveengineering.common.blocks.metal.TileEntitySheetmetalTank,+
immersiveengineering:silo,blusunrize.immersiveengineering.common.blocks.metal.TileEntitySilo,+
immersiveengineering:sorter,blusunrize.immersiveengineering.common.blocks.wooden.TileEntitySorter,-
immersiveengineering:squeezer,blusunrize.immersiveengineering.common.blocks.metal.TileEntitySqueezer,+
immersiveengineering:stripcurtain,blusunrize.immersiveengineering.common.blocks.cloth.TileEntityStripCurtain,+
immersiveengineering:structuralarm,blusunrize.immersiveengineering.common.blocks.metal.TileEntityStructuralArm,-
immersiveengineering:teslacoil,blusunrize.immersiveengineering.common.blocks.metal.TileEntityTeslaCoil,+
immersiveengineering:thermoelectricgen,blusunrize.immersiveengineering.common.blocks.metal.TileEntityThermoelectricGen,+
immersiveengineering:toolbox,blusunrize.immersiveengineering.common.blocks.metal.TileEntityToolbox,-
immersiveengineering:transformer,blusunrize.immersiveengineering.common.blocks.metal.TileEntityTransformer,-
immersiveengineering:transformerhv,blusunrize.immersiveengineering.common.blocks.metal.TileEntityTransformerHV,-
immersiveengineering:turntable,blusunrize.immersiveengineering.common.blocks.wooden.TileEntityTurntable,-
immersiveengineering:turret,blusunrize.immersiveengineering.common.blocks.metal.TileEntityTurret,+
immersiveengineering:turretchem,blusunrize.immersiveengineering.common.blocks.metal.TileEntityTurretChem,+
immersiveengineering:turretgun,blusunrize.immersiveengineering.common.blocks.metal.TileEntityTurretGun,+
immersiveengineering:wallmount,blusunrize.immersiveengineering.common.blocks.wooden.TileEntityWallmount,-
immersiveengineering:watermill,blusunrize.immersiveengineering.common.blocks.wooden.TileEntityWatermill,+
immersiveengineering:windmill,blusunrize.immersiveengineering.common.blocks.wooden.TileEntityWindmill,+
immersiveengineering:woodenbarrel,blusunrize.immersiveengineering.common.blocks.wooden.TileEntityWoodenBarrel,+
immersiveengineering:woodencrate,blusunrize.immersiveengineering.common.blocks.wooden.TileEntityWoodenCrate,-
immersiveengineering:woodenpost,blusunrize.immersiveengineering.common.blocks.wooden.TileEntityWoodenPost,-
immersivepetroleum:autolubricator,flaxbeard.immersivepetroleum.common.blocks.metal.TileEntityAutoLubricator,+
immersivepetroleum:distillationtower,flaxbeard.immersivepetroleum.common.blocks.metal.TileEntityDistillationTower,+
immersivepetroleum:distillationtowerparent,flaxbeard.immersivepetroleum.common.blocks.metal.TileEntityDistillationTower$TileEntityDistillationTowerParent,+
immersivepetroleum:gasgenerator,flaxbeard.immersivepetroleum.common.blocks.metal.TileEntityGasGenerator,+
immersivepetroleum:pumpjack,flaxbeard.immersivepetroleum.common.blocks.metal.TileEntityPumpjack,+
immersivepetroleum:pumpjackparent,flaxbeard.immersivepetroleum.common.blocks.metal.TileEntityPumpjack$TileEntityPumpjackParent,+
industrialforegoing:animal_byproduct_recolector_tile,com.buuz135.industrial.tile.agriculture.AnimalByproductRecolectorTile,+
industrialforegoing:animal_growth_increaser_tile,com.buuz135.industrial.tile.agriculture.AnimalGrowthIncreaserTile,+
industrialforegoing:animal_independence_selector_tile,com.buuz135.industrial.tile.agriculture.AnimalIndependenceSelectorTile,+
industrialforegoing:animal_resource_harvester_tile,com.buuz135.industrial.tile.agriculture.AnimalResourceHarvesterTile,+
industrialforegoing:animal_stock_increaser_tile,com.buuz135.industrial.tile.agriculture.AnimalStockIncreaserTile,+
industrialforegoing:biofuel_generator_tile,com.buuz135.industrial.tile.generator.BiofuelGeneratorTile,+
industrialforegoing:bioreactor_tile,com.buuz135.industrial.tile.generator.BioReactorTile,+
industrialforegoing:black_hole_controller_reworked_tile,com.buuz135.industrial.tile.misc.BlackHoleControllerTileReworked,+
industrialforegoing:black_hole_controller_tile,com.buuz135.industrial.tile.misc.BlackHoleControllerTile,+
industrialforegoing:black_hole_label_tile,com.buuz135.industrial.proxy.block.tile.TileEntityLabel,-
industrialforegoing:black_hole_tank_tile,com.buuz135.industrial.tile.misc.BlackHoleTankTile,+
industrialforegoing:black_hole_unit_tile,com.buuz135.industrial.tile.misc.BlackHoleUnitTile,+
industrialforegoing:block_destroyer_tile,com.buuz135.industrial.tile.world.BlockDestroyerTile,+
industrialforegoing:block_placer_tile,com.buuz135.industrial.tile.world.BlockPlacerTile,+
industrialforegoing:crop_enrich_material_injector_tile,com.buuz135.industrial.tile.agriculture.CropEnrichMaterialInjectorTile,+
industrialforegoing:crop_recolector_tile,com.buuz135.industrial.tile.agriculture.CropRecolectorTile,+
industrialforegoing:crop_sower_tile,com.buuz135.industrial.tile.agriculture.CropSowerTile,+
industrialforegoing:dye_mixer_tile,com.buuz135.industrial.tile.misc.DyeMixerTile,+
industrialforegoing:enchantment_aplicator_tile,com.buuz135.industrial.tile.magic.EnchantmentAplicatorTile,+
industrialforegoing:enchantment_extractor_tile,com.buuz135.industrial.tile.magic.EnchantmentExtractorTile,+
industrialforegoing:enchantment_invoker_tile,com.buuz135.industrial.tile.magic.EnchantmentInvokerTile,+
industrialforegoing:enchantment_refiner_tile,com.buuz135.industrial.tile.magic.EnchantmentRefinerTile,+
industrialforegoing:energy_field_provider_tile,com.buuz135.industrial.tile.world.EnergyFieldProviderTile,+
industrialforegoing:fluid_crafter_tile,com.buuz135.industrial.tile.misc.FluidCrafterTile,+
industrialforegoing:fluiddictionary_converter_tile,com.buuz135.industrial.tile.misc.FluidDictionaryConverterTile,+
industrialforegoing:froster_tile,com.buuz135.industrial.tile.misc.FrosterTile,+
industrialforegoing:hydrator_tile,com.buuz135.industrial.tile.agriculture.HydratorTile,+
industrialforegoing:item_splitter_tile,com.buuz135.industrial.tile.misc.ItemSplitterTile,+
industrialforegoing:laser_base_tile,com.buuz135.industrial.tile.world.LaserBaseTile,+
industrialforegoing:laser_drill_tile,com.buuz135.industrial.tile.world.LaserDrillTile,+
industrialforegoing:latex_processing_unit_tile,com.buuz135.industrial.tile.world.LatexProcessingUnitTile,+
industrialforegoing:lava_fabricator_tile,com.buuz135.industrial.tile.generator.LavaFabricatorTile,+
industrialforegoing:material_stonework_factory_tile,com.buuz135.industrial.tile.world.MaterialStoneWorkFactoryTile,+
industrialforegoing:mob_detector_tile,com.buuz135.industrial.tile.mob.MobDetectorTile,+
industrialforegoing:mob_duplicator_tile,com.buuz135.industrial.tile.mob.MobDuplicatorTile,+
industrialforegoing:mob_relocator_tile,com.buuz135.industrial.tile.mob.MobRelocatorTile,+
industrialforegoing:mob_slaughter_factory_tile,com.buuz135.industrial.tile.agriculture.MobSlaughterFactoryTile,+
industrialforegoing:ore_fermenter_tile,com.buuz135.industrial.tile.ore.OreFermenterTile,+
industrialforegoing:ore_processor_tile,com.buuz135.industrial.tile.misc.OreProcessorTile,+
industrialforegoing:ore_sieve_tile,com.buuz135.industrial.tile.ore.OreSieveTile,+
industrialforegoing:ore_washer_tile,com.buuz135.industrial.tile.ore.OreWasherTile,+
industrialforegoing:oredictionary_converter_tile,com.buuz135.industrial.tile.misc.OreDictionaryConverterTile,+
industrialforegoing:petrified_fuel_generator_tile,com.buuz135.industrial.tile.generator.PetrifiedFuelGeneratorTile,+
industrialforegoing:pitiful_fuel_generator_tile,com.buuz135.industrial.tile.generator.PitifulFuelGeneratorTile,+
industrialforegoing:plant_interactor_tile,com.buuz135.industrial.tile.agriculture.PlantInteractorTile,+
industrialforegoing:potion_enervator_tile,com.buuz135.industrial.tile.magic.PotionEnervatorTile,+
industrialforegoing:protein_generator_tile,com.buuz135.industrial.tile.generator.ProteinGeneratorTile,+
industrialforegoing:protein_reactor_tile,com.buuz135.industrial.tile.generator.ProteinReactorTile,+
industrialforegoing:resourceful_furnace_tile,com.buuz135.industrial.tile.misc.ResourcefulFurnaceTile,+
industrialforegoing:sewage_composter_solidifier_tile,com.buuz135.industrial.tile.agriculture.SewageCompostSolidifierTile,+
industrialforegoing:sludge_refiner_tile,com.buuz135.industrial.tile.agriculture.SludgeRefinerTile,+
industrialforegoing:spores_recreator_tile,com.buuz135.industrial.tile.agriculture.SporesRecreatorTile,+
industrialforegoing:tree_fluid_extractor_tile,com.buuz135.industrial.tile.world.TreeFluidExtractorTile,+
industrialforegoing:villager_trade_exchanger_tile,com.buuz135.industrial.tile.mob.VillagerTradeExchangerTile,+
industrialforegoing:water_condensator_tile,com.buuz135.industrial.tile.misc.WaterCondesatorTile,+
industrialforegoing:water_resources_collector_tile,com.buuz135.industrial.tile.agriculture.WaterResourcesCollectorTile,+
industrialforegoing:wither_builder_tile,com.buuz135.industrial.tile.mob.WitherBuilderTile,+
logisticsbridge:bridge,com.tom.logisticsbridge.tileentity.TileEntityBridgeAE,+
logisticsbridge:craftingmanagerae,com.tom.logisticsbridge.tileentity.TileEntityCraftingManager,+
logisticspipes:logistics_crafting_table,logisticspipes.blocks.crafting.LogisticsCraftingTableTileEntity,+
logisticspipes:pipe,logisticspipes.pipes.basic.LogisticsTileGenericPipe,+
logisticspipes:power_junction,logisticspipes.blocks.powertile.LogisticsPowerJunctionTileEntity,+
logisticspipes:power_provider_ic2,logisticspipes.blocks.powertile.LogisticsIC2PowerProviderTileEntity,+
logisticspipes:power_provider_rf,logisticspipes.blocks.powertile.LogisticsRFPowerProviderTileEntity,+
logisticspipes:program_compiler,logisticspipes.blocks.LogisticsProgramCompilerTileEntity,+
logisticspipes:security_station,logisticspipes.blocks.LogisticsSecurityTileEntity,+
logisticspipes:statistics_table,logisticspipes.blocks.stats.LogisticsStatisticsTileEntity,+
logisticspipes:submultiblock,logisticspipes.pipes.basic.LogisticsTileGenericSubMultiBlock,+
mcjtylib_ng:multipart_te,mcjty.lib.multipart.MultipartTE,-
minecraft:activator,vswe.stevescarts.blocks.tileentities.TileEntityActivator,+
minecraft:advgenerators.powercapacitor,net.bdew.generators.modules.powerCapacitor.TilePowerCapacitor,-
minecraft:advgenerators.turbine,net.bdew.generators.modules.turbine.TileTurbine,-
minecraft:armorstand,jds.bibliocraft.tileentities.TileEntityArmorStand,-
minecraft:assembler,vswe.stevescarts.blocks.tileentities.TileEntityCartAssembler,+
minecraft:avaritia_extreme_crafting_table,morph.avaritia.tile.TileDireCraftingTable,-
minecraft:banner,net.minecraft.tileentity.TileEntityBanner,-
minecraft:beacon,net.minecraft.tileentity.TileEntityBeacon,+
minecraft:bed,net.minecraft.tileentity.TileEntityBed,-
minecraft:bell,jds.bibliocraft.tileentities.TileEntityBell,+
minecraft:bibliolight,jds.bibliocraft.tileentities.BiblioLightTileEntity,-
minecraft:bonsai_tile_entity,com.ferreusveritas.dynamictrees.tileentity.TileEntityBonsai,-
minecraft:bookcase,jds.bibliocraft.tileentities.TileEntityBookcase,-
minecraft:brewing_stand,net.minecraft.tileentity.TileEntityBrewingStand,+
minecraft:cargo,vswe.stevescarts.blocks.tileentities.TileEntityCargo,+
minecraft:case,jds.bibliocraft.tileentities.TileEntityCase,-
minecraft:chest,net.minecraft.tileentity.TileEntityChest,+
minecraft:clipboard,jds.bibliocraft.tileentities.TileEntityClipboard,-
minecraft:clock,jds.bibliocraft.tileentities.TileEntityClock,+
minecraft:command_block,net.minecraft.tileentity.TileEntityCommandBlock,-
minecraft:comparator,net.minecraft.tileentity.TileEntityComparator,-
minecraft:conveyor_tile,com.buuz135.industrial.proxy.block.tile.TileEntityConveyor,+
minecraft:cookiejar,jds.bibliocraft.tileentities.TileEntityCookieJar,+
minecraft:daylight_detector,net.minecraft.tileentity.TileEntityDaylightDetector,+
minecraft:desk,jds.bibliocraft.tileentities.TileEntityDesk,+
minecraft:detector,vswe.stevescarts.blocks.tileentities.TileEntityDetector,+
minecraft:dinnerplate,jds.bibliocraft.tileentities.TileEntityDinnerPlate,-
minecraft:discrack,jds.bibliocraft.tileentities.TileEntityDiscRack,-
minecraft:dispenser,net.minecraft.tileentity.TileEntityDispenser,-
minecraft:distributor,vswe.stevescarts.blocks.tileentities.TileEntityDistributor,+
minecraft:dropper,net.minecraft.tileentity.TileEntityDropper,-
minecraft:enchanting_table,net.minecraft.tileentity.TileEntityEnchantmentTable,+
minecraft:end_gateway,net.minecraft.tileentity.TileEntityEndGateway,+
minecraft:end_portal,net.minecraft.tileentity.TileEntityEndPortal,-
minecraft:ender chest,codechicken.enderstorage.tile.TileEnderChest,+
minecraft:ender tank,codechicken.enderstorage.tile.TileEnderTank,+
minecraft:ender_chest,net.minecraft.tileentity.TileEntityEnderChest,+
minecraft:fancysign,jds.bibliocraft.tileentities.TileEntityFancySign,-
minecraft:fancyworkbench,jds.bibliocraft.tileentities.TileEntityFancyWorkbench,-
minecraft:flower_pot,net.minecraft.tileentity.TileEntityFlowerPot,-
minecraft:fluxcontroller,fluxnetworks.common.tileentity.TileFluxController,+
minecraft:fluxplug,fluxnetworks.common.tileentity.TileFluxPlug,+
minecraft:fluxpoint,fluxnetworks.common.tileentity.TileFluxPoint,+
minecraft:fluxstorage,fluxnetworks.common.tileentity.TileFluxStorage,+
minecraft:furnace,shadows.fastfurnace.block.TileFastFurnace,+
minecraft:furniturepaneler,jds.bibliocraft.tileentities.TileEntityFurniturePaneler,-
minecraft:gargantuanfluxstorage,fluxnetworks.common.tileentity.TileFluxStorage$Gargantuan,+
minecraft:herculeanfluxstorage,fluxnetworks.common.tileentity.TileFluxStorage$Herculean,+
minecraft:hopper,pl.asie.foamfix.common.TileEntityFasterHopper,+
minecraft:ironchest.copper,cpw.mods.ironchest.common.tileentity.chest.TileEntityCopperChest,+
minecraft:ironchest.crystal,cpw.mods.ironchest.common.tileentity.chest.TileEntityCrystalChest,+
minecraft:ironchest.diamond,cpw.mods.ironchest.common.tileentity.chest.TileEntityDiamondChest,+
minecraft:ironchest.dirtchest9000,cpw.mods.ironchest.common.tileentity.chest.TileEntityDirtChest,+
minecraft:ironchest.gold,cpw.mods.ironchest.common.tileentity.chest.TileEntityGoldChest,+
minecraft:ironchest.iron,cpw.mods.ironchest.common.tileentity.chest.TileEntityIronChest,+
minecraft:ironchest.obsidian,cpw.mods.ironchest.common.tileentity.chest.TileEntityObsidianChest,+
minecraft:ironchest.silver,cpw.mods.ironchest.common.tileentity.chest.TileEntitySilverChest,+
minecraft:ironshulkerbox.copper,cpw.mods.ironchest.common.tileentity.shulker.TileEntityCopperShulkerBox,+
minecraft:ironshulkerbox.crystal,cpw.mods.ironchest.common.tileentity.shulker.TileEntityCrystalShulkerBox,+
minecraft:ironshulkerbox.diamond,cpw.mods.ironchest.common.tileentity.shulker.TileEntityDiamondShulkerBox,+
minecraft:ironshulkerbox.gold,cpw.mods.ironchest.common.tileentity.shulker.TileEntityGoldShulkerBox,+
minecraft:ironshulkerbox.iron,cpw.mods.ironchest.common.tileentity.shulker.TileEntityIronShulkerBox,+
minecraft:ironshulkerbox.obsidian,cpw.mods.ironchest.common.tileentity.shulker.TileEntityObsidianShulkerBox,+
minecraft:ironshulkerbox.silver,cpw.mods.ironchest.common.tileentity.shulker.TileEntitySilverShulkerBox,+
minecraft:jukebox,net.minecraft.block.BlockJukebox$TileEntityJukebox,-
minecraft:label,jds.bibliocraft.tileentities.TileEntityLabel,-
minecraft:liquid,vswe.stevescarts.blocks.tileentities.TileEntityLiquid,+
minecraft:mapframe,jds.bibliocraft.tileentities.TileEntityMapFrame,+
minecraft:markerpole,jds.bibliocraft.tileentities.TileEntityMarkerPole,-
minecraft:mob_spawner,net.minecraft.tileentity.TileEntityMobSpawner,+
minecraft:mod.chiselsandbits.tileentitybittank,mod.chiselsandbits.bittank.TileEntityBitTank,-
minecraft:mod.chiselsandbits.tileentitychiseled,mod.chiselsandbits.chiseledblock.TileEntityBlockChiseled,-
minecraft:mod.chiselsandbits.tileentitychiseled.tesr,mod.chiselsandbits.chiseledblock.TileEntityBlockChiseledTESR,-
minecraft:neutron_collector,morph.avaritia.tile.TileNeutronCollector,+
minecraft:neutronium_compressor,morph.avaritia.tile.TileNeutroniumCompressor,+
minecraft:noteblock,net.minecraft.tileentity.TileEntityNote,-
minecraft:paintingframeborderless,jds.bibliocraft.tileentities.TileEntityPaintingBorderless,-
minecraft:paintingframefancy,jds.bibliocraft.tileentities.TileEntityPaintingFancy,-
minecraft:paintingframeflat,jds.bibliocraft.tileentities.TileEntityPaintingFlat,-
minecraft:paintingframemiddle,jds.bibliocraft.tileentities.TileEntityPaintingMiddle,-
minecraft:paintingframesimple,jds.bibliocraft.tileentities.TileEntityPaintingSimple,-
minecraft:paintingpress,jds.bibliocraft.tileentities.TileEntityPaintPress,+
minecraft:pamapiary,com.pam.harvestcraft.tileentities.TileEntityApiary,+
minecraft:pamgrinder,com.pam.harvestcraft.tileentities.TileEntityGrinder,+
minecraft:pamgroundtrap,com.pam.harvestcraft.tileentities.TileEntityGroundTrap,+
minecraft:pammarket,com.pam.harvestcraft.tileentities.TileEntityMarket,-
minecraft:pampresser,com.pam.harvestcraft.tileentities.TileEntityPresser,+
minecraft:pamshippingbin,com.pam.harvestcraft.tileentities.TileEntityShippingBin,-
minecraft:pamwaterfilter,com.pam.harvestcraft.tileentities.TileEntityWaterFilter,+
minecraft:pamwatertrap,com.pam.harvestcraft.tileentities.TileEntityWaterTrap,+
minecraft:piston,net.minecraft.tileentity.TileEntityPiston,+
minecraft:potionshelf,jds.bibliocraft.tileentities.TileEntityPotionShelf,-
minecraft:printingpress,jds.bibliocraft.tileentities.TileEntityPrintPress,+
minecraft:seat,jds.bibliocraft.tileentities.TileEntitySeat,+
minecraft:shelf,jds.bibliocraft.tileentities.TileEntityShelf,-
minecraft:shulker_box,net.minecraft.tileentity.TileEntityShulkerBox,+
minecraft:sign,net.minecraft.tileentity.TileEntitySign,-
minecraft:skull,net.minecraft.tileentity.TileEntitySkull,+
minecraft:species_tile_entity,com.ferreusveritas.dynamictrees.tileentity.TileEntitySpecies,-
minecraft:structure_block,net.minecraft.tileentity.TileEntityStructure,-
minecraft:swordpedestal,jds.bibliocraft.tileentities.TileEntitySwordPedestal,-
minecraft:table,jds.bibliocraft.tileentities.TileEntityTable,+
minecraft:tconstruct.casting_basin,slimeknights.tconstruct.smeltery.tileentity.TileCastingBasin,+
minecraft:tconstruct.casting_table,slimeknights.tconstruct.smeltery.tileentity.TileCastingTable,+
minecraft:tconstruct.channel,slimeknights.tconstruct.smeltery.tileentity.TileChannel,+
minecraft:tconstruct.craftingstation,slimeknights.tconstruct.tools.common.tileentity.TileCraftingStation,-
minecraft:tconstruct.drying_rack,slimeknights.tconstruct.gadgets.tileentity.TileDryingRack,+
minecraft:tconstruct.faucet,slimeknights.tconstruct.smeltery.tileentity.TileFaucet,+
minecraft:tconstruct.item_rack,slimeknights.tconstruct.gadgets.tileentity.TileItemRack,-
minecraft:tconstruct.partbuilder,slimeknights.tconstruct.tools.common.tileentity.TilePartBuilder,-
minecraft:tconstruct.partchest,slimeknights.tconstruct.tools.common.tileentity.TilePartChest,-
minecraft:tconstruct.patternchest,slimeknights.tconstruct.tools.common.tileentity.TilePatternChest,-
minecraft:tconstruct.seared_furnace,slimeknights.tconstruct.smeltery.tileentity.TileSearedFurnace,+
minecraft:tconstruct.slime_channel,slimeknights.tconstruct.gadgets.tileentity.TileSlimeChannel,-
minecraft:tconstruct.smeltery_component,slimeknights.tconstruct.smeltery.tileentity.TileSmelteryComponent,-
minecraft:tconstruct.smeltery_controller,slimeknights.tconstruct.smeltery.tileentity.TileSmeltery,+
minecraft:tconstruct.smeltery_drain,slimeknights.tconstruct.smeltery.tileentity.TileDrain,-
minecraft:tconstruct.stenciltable,slimeknights.tconstruct.tools.common.tileentity.TileStencilTable,-
minecraft:tconstruct.table,slimeknights.tconstruct.shared.tileentity.TileTable,-
minecraft:tconstruct.tank,slimeknights.tconstruct.smeltery.tileentity.TileTank,-
minecraft:tconstruct.tinker_tank,slimeknights.tconstruct.smeltery.tileentity.TileTinkerTank,+
minecraft:tconstruct.toolforge,slimeknights.tconstruct.tools.common.tileentity.TileToolForge,-
minecraft:tconstruct.toolstation,slimeknights.tconstruct.tools.common.tileentity.TileToolStation,-
minecraft:tconstruct.wooden_hopper,slimeknights.tconstruct.gadgets.tileentity.TileWoodenHopper,+
minecraft:tile.mob_grinding_utils.absorption_hopper,mob_grinding_utils.tile.TileEntityAbsorptionHopper,+
minecraft:tile.mob_grinding_utils.fan,mob_grinding_utils.tile.TileEntityFan,+
minecraft:tile.mob_grinding_utils.saw,mob_grinding_utils.tile.TileEntitySaw,+
minecraft:tile.mob_grinding_utils.tank,mob_grinding_utils.tile.TileEntityTank,-
minecraft:tile.mob_grinding_utils.tank_sink,mob_grinding_utils.tile.TileEntitySinkTank,+
minecraft:tile.mob_grinding_utils.xp_tap,mob_grinding_utils.tile.TileEntityXPTap,+
minecraft:tile.tombmanygravesgrave_block,com.m4thg33k.tombmanygraves.tiles.TileGrave,-
minecraft:tile.woot_anvil,ipsis.woot.tileentity.TileEntityAnvil,-
minecraft:tile.woot_cell,ipsis.woot.tileentity.TileEntityMobFactoryCell,-
minecraft:tile.woot_controller,ipsis.woot.tileentity.TileEntityMobFactoryController,-
minecraft:tile.woot_exporter,ipsis.woot.tileentity.TileEntityMobFactoryExporter,-
minecraft:tile.woot_factory,ipsis.woot.tileentity.TileEntityMobFactoryHeart,+
minecraft:tile.woot_importer,ipsis.woot.tileentity.TileEntityMobFactoryImporter,-
minecraft:tile.woot_layout,ipsis.woot.tileentity.TileEntityLayout,-
minecraft:tile.woot_structure,ipsis.woot.tileentity.TileEntityMobFactoryStructure,-
minecraft:tile.woot_upgrade,ipsis.woot.tileentity.TileEntityMobFactoryUpgrade,-
minecraft:tilebonsaipot,org.dave.bonsaitrees.tile.TileBonsaiPot,+
minecraft:toolrack,jds.bibliocraft.tileentities.TileEntityToolRack,-
minecraft:typesettingtable,jds.bibliocraft.tileentities.TileEntityTypeMachine,+
minecraft:typewriter,jds.bibliocraft.tileentities.TileEntityTypewriter,+
minecraft:upgrade,vswe.stevescarts.blocks.tileentities.TileEntityUpgrade,+
oc:adapter,li.cil.oc.common.tileentity.Adapter,+
oc:assembler,li.cil.oc.common.tileentity.Assembler,+
oc:cable,li.cil.oc.common.tileentity.Cable,-
oc:capacitor,li.cil.oc.common.tileentity.Capacitor,-
oc:carpetedcapacitor,li.cil.oc.common.tileentity.CarpetedCapacitor,+
oc:case,li.cil.oc.common.tileentity.Case,+
oc:charger,li.cil.oc.common.tileentity.Charger,+
oc:disassembler,li.cil.oc.common.tileentity.Disassembler,+
oc:diskdrive,li.cil.oc.common.tileentity.DiskDrive,-
oc:geolyzer,li.cil.oc.common.tileentity.Geolyzer,-
oc:hologram,li.cil.oc.common.tileentity.Hologram,+
oc:keyboard,li.cil.oc.common.tileentity.Keyboard,-
oc:microcontroller,li.cil.oc.common.tileentity.Microcontroller,+
oc:motionsensor,li.cil.oc.common.tileentity.MotionSensor,+
oc:netsplitter,li.cil.oc.common.tileentity.NetSplitter,-
oc:powerconverter,li.cil.oc.common.tileentity.PowerConverter,+
oc:powerdistributor,li.cil.oc.common.tileentity.PowerDistributor,+
oc:print,li.cil.oc.common.tileentity.Print,-
oc:printer,li.cil.oc.common.tileentity.Printer,+
oc:rack,li.cil.oc.common.tileentity.Rack,+
oc:raid,li.cil.oc.common.tileentity.Raid,-
oc:redstone,li.cil.oc.common.tileentity.Redstone,+
oc:relay,li.cil.oc.common.tileentity.Relay,+
oc:robot,li.cil.oc.common.tileentity.RobotProxy,+
oc:screen,li.cil.oc.common.tileentity.Screen,+
oc:transposer,li.cil.oc.common.tileentity.Transposer,-
oc:waypoint,li.cil.oc.common.tileentity.Waypoint,+
openblocks:auto_anvil,openblocks.common.tileentity.TileEntityAutoAnvil,+
openblocks:auto_enchantment_table,openblocks.common.tileentity.TileEntityAutoEnchantmentTable,+
openblocks:beartrap,openblocks.common.tileentity.TileEntityBearTrap,+
openblocks:big_button,openblocks.common.tileentity.TileEntityBigButton,-
openblocks:big_button_wood,openblocks.common.tileentity.TileEntityBigButtonWood,-
openblocks:block_breaker,openblocks.common.tileentity.TileEntityBlockBreaker,+
openblocks:block_placer,openblocks.common.tileentity.TileEntityBlockPlacer,+
openblocks:builder_guide,openblocks.common.tileentity.TileEntityBuilderGuide,+
openblocks:cannon,openblocks.common.tileentity.TileEntityCannon,+
openblocks:canvas,openblocks.common.tileentity.TileEntityCanvas,-
openblocks:canvas_glass,openblocks.common.tileentity.TileEntityCanvasGlass,-
openblocks:donation_station,openblocks.common.tileentity.TileEntityDonationStation,-
openblocks:drawing_table,openblocks.common.tileentity.TileEntityDrawingTable,-
openblocks:elevator_rotating,openblocks.common.tileentity.TileEntityElevatorRotating,-
openblocks:fan,openblocks.common.tileentity.TileEntityFan,+
openblocks:flag,openblocks.common.tileentity.TileEntityFlag,-
openblocks:golden_egg,openblocks.common.tileentity.TileEntityGoldenEgg,+
openblocks:grave,openblocks.common.tileentity.TileEntityGrave,+
openblocks:guide,openblocks.common.tileentity.TileEntityGuide,+
openblocks:heal,openblocks.common.tileentity.TileEntityHealBlock,+
openblocks:imaginary,openblocks.common.tileentity.TileEntityImaginary,-
openblocks:item_dropper,openblocks.common.tileentity.TileEntityItemDropper,-
openblocks:paint_can,openblocks.common.tileentity.TileEntityPaintCan,-
openblocks:paint_mixer,openblocks.common.tileentity.TileEntityPaintMixer,+
openblocks:projector,openblocks.common.tileentity.TileEntityProjector,-
openblocks:sky,openblocks.common.tileentity.TileEntitySky,-
openblocks:sprinkler,openblocks.common.tileentity.TileEntitySprinkler,+
openblocks:tank,openblocks.common.tileentity.TileEntityTank,+
openblocks:target,openblocks.common.tileentity.TileEntityTarget,+
openblocks:trophy,openblocks.common.tileentity.TileEntityTrophy,+
openblocks:vacuum_hopper,openblocks.common.tileentity.TileEntityVacuumHopper,+
openblocks:village_highlighter,openblocks.common.tileentity.TileEntityVillageHighlighter,+
openblocks:xp_bottler,openblocks.common.tileentity.TileEntityXPBottler,+
openblocks:xp_drain,openblocks.common.tileentity.TileEntityXPDrain,+
openblocks:xp_shower,openblocks.common.tileentity.TileEntityXPShower,+
plustic:centrifuge_core,landmaster.plustic.tile.TECentrifugeCore,+
plustic:centrifuge_tank,landmaster.plustic.tile.TECentrifugeTank,-
projectred-fabrication:ic_machine|0,mrtjp.projectred.fabrication.TileICWorkbench,+
projectred-fabrication:ic_machine|1,mrtjp.projectred.fabrication.TileICPrinter,+
projectred-illumination:lamp|0,mrtjp.projectred.illumination.TileLamp,+
quark:chute,vazkii.quark.automation.tile.TileChute,-
quark:inductor,vazkii.quark.automation.tile.TileInductor,-
quark:monster_box,vazkii.quark.world.tile.TileMonsterBox,+
quark:rain_detector,vazkii.quark.automation.tile.TileRainDetector,+
quark:smoker,vazkii.quark.world.tile.TileSmoker,+
railcraft:actuator_lever,mods.railcraft.common.blocks.machine.wayobjects.actuators.TileActuatorLever,+
railcraft:actuator_motor,mods.railcraft.common.blocks.machine.wayobjects.actuators.TileActuatorMotor,+
railcraft:actuator_router,mods.railcraft.common.blocks.machine.wayobjects.actuators.TileActuatorRouting,+
railcraft:admin_steam_producer,mods.railcraft.common.blocks.single.TileAdminSteamProducer,+
railcraft:blast_furnace,mods.railcraft.common.blocks.multi.TileBlastFurnace,+
railcraft:boiler_firebox_fluid,mods.railcraft.common.blocks.multi.TileBoilerFireboxFluid,+
railcraft:boiler_firebox_solid,mods.railcraft.common.blocks.multi.TileBoilerFireboxSolid,+
railcraft:boiler_tank_pressure_high,mods.railcraft.common.blocks.multi.TileBoilerTankHigh,+
railcraft:boiler_tank_pressure_low,mods.railcraft.common.blocks.multi.TileBoilerTankLow,+
railcraft:charge_feeder_admin,mods.railcraft.common.blocks.machine.charge.TileChargeFeederAdmin,+
railcraft:charge_feeder_ic2,mods.railcraft.common.blocks.machine.charge.TileChargeFeederIC2,+
railcraft:chest_metals,mods.railcraft.common.blocks.single.TileChestMetals,+
railcraft:chest_void,mods.railcraft.common.blocks.single.TileChestVoid,+
railcraft:coke_oven,mods.railcraft.common.blocks.multi.TileCokeOven,+
railcraft:detector,mods.railcraft.common.blocks.detector.TileDetector,+
railcraft:engine_steam_commercial,mods.railcraft.common.blocks.single.TileEngineSteamLow,+
railcraft:engine_steam_hobby,mods.railcraft.common.blocks.single.TileEngineSteamHobby,+
railcraft:engine_steam_industrial,mods.railcraft.common.blocks.single.TileEngineSteamHigh,+
railcraft:engraving_bench,mods.railcraft.common.blocks.single.TileEngravingBench,+
railcraft:equipment_feed_station,mods.railcraft.common.blocks.machine.equipment.TileFeedStation,+
railcraft:equipment_rolling_manual,mods.railcraft.common.blocks.machine.equipment.TileRollingMachineManual,+
railcraft:equipment_rolling_powered,mods.railcraft.common.blocks.machine.equipment.TileRollingMachinePowered,+
railcraft:equipment_smoker,mods.railcraft.common.blocks.machine.equipment.TileSmoker,+
railcraft:flux_transformer,mods.railcraft.common.blocks.multi.TileFluxTransformer,+
railcraft:force_track_emitter,mods.railcraft.common.blocks.single.TileForceTrackEmitter,+
railcraft:logbook,mods.railcraft.common.blocks.logbook.TileLogbook,+
railcraft:manipulator_dispenser_cart,mods.railcraft.common.blocks.machine.manipulator.TileDispenserCart,+
railcraft:manipulator_dispenser_train,mods.railcraft.common.blocks.machine.manipulator.TileDispenserTrain,+
railcraft:manipulator_fluid_loader,mods.railcraft.common.blocks.machine.manipulator.TileFluidLoader,+
railcraft:manipulator_fluid_unloader,mods.railcraft.common.blocks.machine.manipulator.TileFluidUnloader,+
railcraft:manipulator_ic2_loader,mods.railcraft.common.blocks.machine.manipulator.TileIC2Loader,+
railcraft:manipulator_ic2_unloader,mods.railcraft.common.blocks.machine.manipulator.TileIC2Unloader,+
railcraft:manipulator_item_loader,mods.railcraft.common.blocks.machine.manipulator.TileItemLoader,+
railcraft:manipulator_item_loader_adv,mods.railcraft.common.blocks.machine.manipulator.TileItemLoaderAdvanced,+
railcraft:manipulator_item_unloader,mods.railcraft.common.blocks.machine.manipulator.TileItemUnloader,+
railcraft:manipulator_item_unloader_adv,mods.railcraft.common.blocks.machine.manipulator.TileItemUnloaderAdvanced,+
railcraft:manipulator_rf_loader,mods.railcraft.common.blocks.machine.manipulator.TileRFLoader,+
railcraft:manipulator_rf_unloader,mods.railcraft.common.blocks.machine.manipulator.TileRFUnloader,+
railcraft:ritual,mods.railcraft.common.items.firestone.TileRitual,+
railcraft:rock_crusher,mods.railcraft.common.blocks.multi.TileRockCrusher,+
railcraft:signal_block,mods.railcraft.common.blocks.machine.wayobjects.signals.TileSignalDistant,+
railcraft:signal_block_dual,mods.railcraft.common.blocks.machine.wayobjects.signals.TileSignalBlockDual,+
railcraft:signal_box_analog,mods.railcraft.common.blocks.machine.wayobjects.boxes.TileBoxAnalog,+
railcraft:signal_box_capacitor,mods.railcraft.common.blocks.machine.wayobjects.boxes.TileBoxCapacitor,+
railcraft:signal_box_controller,mods.railcraft.common.blocks.machine.wayobjects.boxes.TileBoxController,+
railcraft:signal_box_interlock,mods.railcraft.common.blocks.machine.wayobjects.boxes.TileBoxInterlock,+
railcraft:signal_box_receiver,mods.railcraft.common.blocks.machine.wayobjects.boxes.TileBoxReceiver,+
railcraft:signal_box_relay,mods.railcraft.common.blocks.machine.wayobjects.boxes.TileBoxRelay,+
railcraft:signal_box_sequencer,mods.railcraft.common.blocks.machine.wayobjects.boxes.TileBoxSequencer,+
railcraft:signal_distant,mods.railcraft.common.blocks.machine.wayobjects.signals.TileSignalBlock,+
railcraft:signal_distant_dual,mods.railcraft.common.blocks.machine.wayobjects.signals.TileSignalDistantDual,+
railcraft:signal_token,mods.railcraft.common.blocks.machine.wayobjects.signals.TileSignalToken,+
railcraft:signal_token_dual,mods.railcraft.common.blocks.machine.wayobjects.signals.TileSignalTokenDual,+
railcraft:steam_oven,mods.railcraft.common.blocks.multi.TileSteamOven,+
railcraft:steam_trap_auto,mods.railcraft.common.blocks.machine.equipment.TileSteamTrapAuto,+
railcraft:steam_trap_manual,mods.railcraft.common.blocks.machine.equipment.TileSteamTrapManual,+
railcraft:steam_turbine,mods.railcraft.common.blocks.multi.TileSteamTurbine,+
railcraft:tank_iron_gauge,mods.railcraft.common.blocks.multi.TileTankIronGauge,+
railcraft:tank_iron_valve,mods.railcraft.common.blocks.multi.TileTankIronValve,+
railcraft:tank_iron_wall,mods.railcraft.common.blocks.multi.TileTankIronWall,+
railcraft:tank_steel_gauge,mods.railcraft.common.blocks.multi.TileTankSteelGauge,+
railcraft:tank_steel_valve,mods.railcraft.common.blocks.multi.TileTankSteelValve,+
railcraft:tank_steel_wall,mods.railcraft.common.blocks.multi.TileTankSteelWall,+
railcraft:track.outfitted,mods.railcraft.common.blocks.tracks.outfitted.TileTrackOutfitted,-
railcraft:track.outfitted.ticking,mods.railcraft.common.blocks.tracks.outfitted.TileTrackOutfittedTicking,+
railcraft:track_force,mods.railcraft.common.blocks.tracks.force.TileTrackForce,-
railcraft:trade_station,mods.railcraft.common.blocks.single.TileTradeStation,+
railcraft:water_tank,mods.railcraft.common.blocks.multi.TileTankWater,+
railcraft:worldspike_admin,mods.railcraft.common.blocks.machine.worldspike.TileWorldspikeAdmin,+
railcraft:worldspike_passive,mods.railcraft.common.blocks.machine.worldspike.TileWorldspikePassive,+
railcraft:worldspike_personal,mods.railcraft.common.blocks.machine.worldspike.TileWorldspikePersonal,+
railcraft:worldspike_standard,mods.railcraft.common.blocks.machine.worldspike.TileWorldspike,+
rftools:analog_block,mcjty.rftools.blocks.logic.analog.AnalogTileEntity,-
rftools:block_protector,mcjty.rftools.blocks.blockprotector.BlockProtectorTileEntity,+
rftools:booster,mcjty.rftools.blocks.booster.BoosterTileEntity,+
rftools:builder,mcjty.rftools.blocks.builder.BuilderTileEntity,+
rftools:coalgenerator,mcjty.rftools.blocks.generator.CoalGeneratorTileEntity,+
rftools:composer,mcjty.rftools.blocks.shaper.ComposerTileEntity,+
rftools:counter_block,mcjty.rftools.blocks.logic.counter.CounterTileEntity,-
rftools:crafter1,mcjty.rftools.blocks.crafter.CrafterBlockTileEntity1,+
rftools:crafter2,mcjty.rftools.blocks.crafter.CrafterBlockTileEntity2,+
rftools:crafter3,mcjty.rftools.blocks.crafter.CrafterBlockTileEntity3,+
rftools:creative_screen,mcjty.rftools.blocks.screens.CreativeScreenTileEntity,+
rftools:dialing_device,mcjty.rftools.blocks.teleporter.DialingDeviceTileEntity,-
rftools:digit_block,mcjty.rftools.blocks.logic.digit.DigitTileEntity,-
rftools:elevator,mcjty.rftools.blocks.elevator.ElevatorTileEntity,+
rftools:ender_monitor,mcjty.rftools.blocks.endergen.EnderMonitorTileEntity,+
rftools:endergenic,mcjty.rftools.blocks.endergen.EndergenicTileEntity,+
rftools:environmental_controller,mcjty.rftools.blocks.environmental.EnvironmentalControllerTileEntity,+
rftools:invchecker_block,mcjty.rftools.blocks.logic.invchecker.InvCheckerTileEntity,+
rftools:invisible_shield_block,mcjty.rftools.blocks.shield.TickShieldBlockTileEntity,-
rftools:item_filter,mcjty.rftools.blocks.itemfilter.ItemFilterTileEntity,-
rftools:level_emitter,mcjty.rftools.blocks.storage.LevelEmitterTileEntity,+
rftools:liquid_monitor,mcjty.rftools.blocks.monitor.LiquidMonitorBlockTileEntity,+
rftools:locator,mcjty.rftools.blocks.shaper.LocatorTileEntity,+
rftools:logic_block,mcjty.rftools.blocks.logic.threelogic.ThreeLogicTileEntity,-
rftools:machine_infuser,mcjty.rftools.blocks.infuser.MachineInfuserTileEntity,+
rftools:matter_beamer,mcjty.rftools.blocks.spawner.MatterBeamerTileEntity,+
rftools:matter_receiver,mcjty.rftools.blocks.teleporter.MatterReceiverTileEntity,+
rftools:matter_transmitter,mcjty.rftools.blocks.teleporter.MatterTransmitterTileEntity,+
rftools:modular_storage,mcjty.rftools.blocks.storage.ModularStorageTileEntity,+
rftools:notick_invisible_shield_block,mcjty.rftools.blocks.shield.NoTickShieldBlockTileEntity,-
rftools:notick_solid_shield_block,mcjty.rftools.blocks.shield.NoTickShieldSolidBlockTileEntity,-
rftools:pearl_injector,mcjty.rftools.blocks.endergen.PearlInjectorTileEntity,+
rftools:powercell,mcjty.rftools.blocks.powercell.PowerCellNormalTileEntity,+
rftools:powercell_advanced,mcjty.rftools.blocks.powercell.PowerCellAdvancedTileEntity,+
rftools:powercell_creative,mcjty.rftools.blocks.powercell.PowerCellCreativeTileEntity,+
rftools:powercell_simple,mcjty.rftools.blocks.powercell.PowerCellSimpleTileEntity,+
rftools:projector,mcjty.rftools.blocks.shaper.ProjectorTileEntity,+
rftools:redstone_receiver_block,mcjty.rftools.blocks.logic.wireless.RedstoneReceiverTileEntity,+
rftools:redstone_transmitter_block,mcjty.rftools.blocks.logic.wireless.RedstoneTransmitterTileEntity,-
rftools:relay,mcjty.rftools.blocks.relay.RelayTileEntity,+
rftools:remote_scanner,mcjty.rftools.blocks.shaper.RemoteScannerTileEntity,+
rftools:remote_storage,mcjty.rftools.blocks.storage.RemoteStorageTileEntity,+
rftools:rf_monitor,mcjty.rftools.blocks.monitor.RFMonitorBlockTileEntity,+
rftools:scanner,mcjty.rftools.blocks.shaper.ScannerTileEntity,+
rftools:screen,mcjty.rftools.blocks.screens.ScreenTileEntity,+
rftools:screen_controller,mcjty.rftools.blocks.screens.ScreenControllerTileEntity,+
rftools:screen_hitblock,mcjty.rftools.blocks.screens.ScreenHitTileEntity,-
rftools:security_manager,mcjty.rftools.blocks.security.SecurityManagerTileEntity,-
rftools:sensor_block,mcjty.rftools.blocks.logic.sensor.SensorTileEntity,+
rftools:sequencer_block,mcjty.rftools.blocks.logic.sequencer.SequencerTileEntity,+
rftools:shield_block1,mcjty.rftools.blocks.shield.ShieldTileEntity,+
rftools:shield_block2,mcjty.rftools.blocks.shield.ShieldTileEntity2,+
rftools:shield_block3,mcjty.rftools.blocks.shield.ShieldTileEntity3,+
rftools:shield_block4,mcjty.rftools.blocks.shield.ShieldTileEntity4,+
rftools:simple_dialer,mcjty.rftools.blocks.teleporter.SimpleDialerTileEntity,-
rftools:solid_shield_block,mcjty.rftools.blocks.shield.TickShieldSolidBlockTileEntity,-
rftools:space_chamber_controller,mcjty.rftools.blocks.builder.SpaceChamberControllerTileEntity,-
rftools:spawner,mcjty.rftools.blocks.spawner.SpawnerTileEntity,+
rftools:storage_scanner,mcjty.rftools.blocks.storagemonitor.StorageScannerTileEntity,+
rftools:storage_terminal,mcjty.rftools.blocks.storage.StorageTerminalTileEntity,-
rftools:timer_block,mcjty.rftools.blocks.logic.timer.TimerTileEntity,+
rftools:wire_block,mcjty.rftools.blocks.logic.wire.WireTileEntity,-
storagedrawers:basicdrawers,com.jaquadro.minecraft.storagedrawers.block.tile.TileEntityDrawersStandard$Legacy,-
storagedrawers:basicdrawers.1,com.jaquadro.minecraft.storagedrawers.block.tile.TileEntityDrawersStandard$Slot1,-
storagedrawers:basicdrawers.2,com.jaquadro.minecraft.storagedrawers.block.tile.TileEntityDrawersStandard$Slot2,-
storagedrawers:basicdrawers.4,com.jaquadro.minecraft.storagedrawers.block.tile.TileEntityDrawersStandard$Slot4,-
storagedrawers:compdrawers,com.jaquadro.minecraft.storagedrawers.block.tile.TileEntityDrawersComp,-
storagedrawers:controller,com.jaquadro.minecraft.storagedrawers.block.tile.TileEntityController,-
storagedrawers:controllerslave,com.jaquadro.minecraft.storagedrawers.block.tile.TileEntitySlave,-
storagedrawers:framingtable,com.jaquadro.minecraft.storagedrawers.block.tile.TileEntityFramingTable,-
storagedrawers:keybutton,com.jaquadro.minecraft.storagedrawers.block.tile.TileEntityKeyButton,-
storagedrawers:trim,com.jaquadro.minecraft.storagedrawers.block.tile.TileEntityTrim,-
tesslocator:tesslocator,com.latmod.mods.tesslocator.block.TileTesslocator,+
thermaldynamics:duct_energy_basic,cofh.thermaldynamics.duct.tiles.TileDuctEnergy$Basic,-
thermaldynamics:duct_energy_hardened,cofh.thermaldynamics.duct.tiles.TileDuctEnergy$Hardened,-
thermaldynamics:duct_energy_reinforced,cofh.thermaldynamics.duct.tiles.TileDuctEnergy$Reinforced,-
thermaldynamics:duct_energy_resonant,cofh.thermaldynamics.duct.tiles.TileDuctEnergy$Resonant,-
thermaldynamics:duct_energy_signalum,cofh.thermaldynamics.duct.tiles.TileDuctEnergy$Signalum,-
thermaldynamics:duct_energy_super,cofh.thermaldynamics.duct.tiles.TileDuctEnergySuper,-
thermaldynamics:duct_fluid_energy_opaque,cofh.thermaldynamics.duct.tiles.TileDuctFluid$Energy$Opaque,-
thermaldynamics:duct_fluid_energy_transparent,cofh.thermaldynamics.duct.tiles.TileDuctFluid$Energy$Transparent,-
thermaldynamics:duct_fluid_fragile_opaque,cofh.thermaldynamics.duct.tiles.TileDuctFluid$Basic$Opaque,-
thermaldynamics:duct_fluid_fragile_transparent,cofh.thermaldynamics.duct.tiles.TileDuctFluid$Basic$Transparent,-
thermaldynamics:duct_fluid_hardened_opaque,cofh.thermaldynamics.duct.tiles.TileDuctFluid$Hardened$Opaque,-
thermaldynamics:duct_fluid_hardened_transparent,cofh.thermaldynamics.duct.tiles.TileDuctFluid$Hardened$Transparent,-
thermaldynamics:duct_fluid_super_opaque,cofh.thermaldynamics.duct.tiles.TileDuctFluid$Super$Opaque,-
thermaldynamics:duct_fluid_super_transparent,cofh.thermaldynamics.duct.tiles.TileDuctFluid$Super$Transparent,-
thermaldynamics:duct_item_energy_fast_opaque,cofh.thermaldynamics.duct.tiles.TileDuctItem$EnergyFast$Opaque,-
thermaldynamics:duct_item_energy_fast_transparent,cofh.thermaldynamics.duct.tiles.TileDuctItem$EnergyFast$Transparent,-
thermaldynamics:duct_item_energy_opaque,cofh.thermaldynamics.duct.tiles.TileDuctItem$Energy$Opaque,-
thermaldynamics:duct_item_energy_transparent,cofh.thermaldynamics.duct.tiles.TileDuctItem$Energy$Transparent,-
thermaldynamics:duct_item_fast_opaque,cofh.thermaldynamics.duct.tiles.TileDuctItem$Fast$Opaque,-
thermaldynamics:duct_item_fast_transparent,cofh.thermaldynamics.duct.tiles.TileDuctItem$Fast$Transparent,-
thermaldynamics:duct_item_opaque,cofh.thermaldynamics.duct.tiles.TileDuctItem$Basic$Opaque,-
thermaldynamics:duct_item_transparent,cofh.thermaldynamics.duct.tiles.TileDuctItem$Basic$Transparent,-
thermaldynamics:duct_structure,cofh.thermaldynamics.duct.tiles.TileStructuralDuct,-
thermaldynamics:duct_transport_basic,cofh.thermaldynamics.duct.tiles.TileTransportDuct,-
thermaldynamics:duct_transport_linking,cofh.thermaldynamics.duct.tiles.TileTransportDuct$Linking,-
thermaldynamics:duct_transport_long_range,cofh.thermaldynamics.duct.tiles.TileTransportDuct$LongRange,-
thermalexpansion:apparatus_breaker,cofh.thermalexpansion.block.apparatus.TileBreaker,+
thermalexpansion:apparatus_collector,cofh.thermalexpansion.block.apparatus.TileCollector,+
thermalexpansion:device_diffuser,cofh.thermalexpansion.block.device.TileDiffuser,+
thermalexpansion:device_factorizer,cofh.thermalexpansion.block.device.TileFactorizer,+
thermalexpansion:device_fisher,cofh.thermalexpansion.block.device.TileFisher,+
thermalexpansion:device_fluid_buffer,cofh.thermalexpansion.block.device.TileFluidBuffer,+
thermalexpansion:device_heat_sink,cofh.thermalexpansion.block.device.TileHeatSink,+
thermalexpansion:device_item_buffer,cofh.thermalexpansion.block.device.TileItemBuffer,+
thermalexpansion:device_item_collector,cofh.thermalexpansion.block.device.TileItemCollector,+
thermalexpansion:device_lexicon,cofh.thermalexpansion.block.device.TileLexicon,+
thermalexpansion:device_mob_catcher,cofh.thermalexpansion.block.device.TileMobCatcher,+
thermalexpansion:device_nullifier,cofh.thermalexpansion.block.device.TileNullifier,-
thermalexpansion:device_tapper,cofh.thermalexpansion.block.device.TileTapper,+
thermalexpansion:device_water_gen,cofh.thermalexpansion.block.device.TileWaterGen,+
thermalexpansion:device_xp_collector,cofh.thermalexpansion.block.device.TileXpCollector,+
thermalexpansion:dynamo_compression,cofh.thermalexpansion.block.dynamo.TileDynamoCompression,+
thermalexpansion:dynamo_enervation,cofh.thermalexpansion.block.dynamo.TileDynamoEnervation,+
thermalexpansion:dynamo_magmatic,cofh.thermalexpansion.block.dynamo.TileDynamoMagmatic,+
thermalexpansion:dynamo_numismatic,cofh.thermalexpansion.block.dynamo.TileDynamoNumismatic,+
thermalexpansion:dynamo_reactant,cofh.thermalexpansion.block.dynamo.TileDynamoReactant,+
thermalexpansion:dynamo_steam,cofh.thermalexpansion.block.dynamo.TileDynamoSteam,+
thermalexpansion:machine_brewer,cofh.thermalexpansion.block.machine.TileBrewer,+
thermalexpansion:machine_centrifuge,cofh.thermalexpansion.block.machine.TileCentrifuge,+
thermalexpansion:machine_charger,cofh.thermalexpansion.block.machine.TileCharger,+
thermalexpansion:machine_compactor,cofh.thermalexpansion.block.machine.TileCompactor,+
thermalexpansion:machine_crafter,cofh.thermalexpansion.block.machine.TileCrafter,+
thermalexpansion:machine_crucible,cofh.thermalexpansion.block.machine.TileCrucible,+
thermalexpansion:machine_enchanter,cofh.thermalexpansion.block.machine.TileEnchanter,+
thermalexpansion:machine_extruder,cofh.thermalexpansion.block.machine.TileExtruder,+
thermalexpansion:machine_furnace,cofh.thermalexpansion.block.machine.TileFurnace,+
thermalexpansion:machine_insolator,cofh.thermalexpansion.block.machine.TileInsolator,+
thermalexpansion:machine_precipitator,cofh.thermalexpansion.block.machine.TilePrecipitator,+
thermalexpansion:machine_pulverizer,cofh.thermalexpansion.block.machine.TilePulverizer,+
thermalexpansion:machine_refinery,cofh.thermalexpansion.block.machine.TileRefinery,+
thermalexpansion:machine_sawmill,cofh.thermalexpansion.block.machine.TileSawmill,+
thermalexpansion:machine_smelter,cofh.thermalexpansion.block.machine.TileSmelter,+
thermalexpansion:machine_transposer,cofh.thermalexpansion.block.machine.TileTransposer,+
thermalexpansion:storage_cache,cofh.thermalexpansion.block.storage.TileCache,-
thermalexpansion:storage_cell,cofh.thermalexpansion.block.storage.TileCell,+
thermalexpansion:storage_strongbox,cofh.thermalexpansion.block.storage.TileStrongbox,+
thermalexpansion:storage_tank,cofh.thermalexpansion.block.storage.TileTank,+
torchmaster:feral_flare_lantern,net.xalcon.torchmaster.common.tiles.TileEntityFeralFlareLantern,+
torchmaster:mega_torch,net.xalcon.torchmaster.common.tiles.TileEntityMegaTorch,+
torchmaster:terrain_lighter,net.xalcon.torchmaster.common.tiles.TileEntityTerrainLighter,+
xnet:advanced_connector,mcjty.xnet.blocks.cables.AdvancedConnectorTileEntity,-
xnet:connector,mcjty.xnet.blocks.cables.ConnectorTileEntity,-
xnet:controller,mcjty.xnet.blocks.controller.TileEntityController,+
xnet:facade,mcjty.xnet.blocks.facade.FacadeTileEntity,-
xnet:router,mcjty.xnet.blocks.router.TileEntityRouter,-
xnet:wireless_router,mcjty.xnet.blocks.wireless.TileEntityWirelessRouter,+
xu2:tank16,com.rwtema.extrautils2.tile.TileDrum$Tank16,-
xu2:tank256,com.rwtema.extrautils2.tile.TileDrum$Tank256,-
xu2:tank4096,com.rwtema.extrautils2.tile.TileDrum$Tank4096,-
xu2:tank65536,com.rwtema.extrautils2.tile.TileDrum$Tank65536,-
xu2:tankinf,com.rwtema.extrautils2.tile.TileDrum$TankInf,-
xu2:tileanalogcrafter,com.rwtema.extrautils2.tile.TileAnalogCrafter,+
xu2:tilecrafter,com.rwtema.extrautils2.tile.TileCrafter,+
xu2:tilecreativechest,com.rwtema.extrautils2.tile.TileCreativeChest,-
xu2:tilecreativeenergy,com.rwtema.extrautils2.tile.TileCreativeEnergy,+
xu2:tilecreativeharvest,com.rwtema.extrautils2.tile.TileCreativeHarvest,-
xu2:tileindexer,com.rwtema.extrautils2.transfernodes.TileIndexer,+
xu2:tileinteractionproxy,com.rwtema.extrautils2.tile.TileInteractionProxy,+
xu2:tilelargishchest,com.rwtema.extrautils2.tile.TileLargishChest,-
xu2:tilemachineprovider,com.rwtema.extrautils2.machine.TileMachineProvider,+
xu2:tilemachinereceiver,com.rwtema.extrautils2.machine.TileMachineReceiver,+
xu2:tileminchest,com.rwtema.extrautils2.tile.TileMinChest,-
xu2:tilemine,com.rwtema.extrautils2.tile.TileMine,+
xu2:tilepassivegenerator,com.rwtema.extrautils2.tile.TilePassiveGenerator,-
xu2:tileplayerchest,com.rwtema.extrautils2.tile.TilePlayerChest,-
xu2:tilepowerbattery,com.rwtema.extrautils2.power.energy.TilePowerBattery,-
xu2:tilepowerhandcrank,com.rwtema.extrautils2.tile.TilePowerHandCrank,+
xu2:tilepoweroverload,com.rwtema.extrautils2.tile.TilePowerOverload,+
xu2:tilepowertransmitter,com.rwtema.extrautils2.power.energy.TilePowerTransmitter,-
xu2:tilequarry,com.rwtema.extrautils2.quarry.TileQuarry,+
xu2:tilequarryproxy,com.rwtema.extrautils2.quarry.TileQuarryProxy,-
xu2:tilerainbowgenerator,com.rwtema.extrautils2.tile.TileRainbowGenerator,+
xu2:tileresonator,com.rwtema.extrautils2.tile.TileResonator,+
xu2:tilescanner,com.rwtema.extrautils2.tile.TileScanner,+
xu2:tilescreen,com.rwtema.extrautils2.tile.TileScreen,-
xu2:tilesoundmuffler,com.rwtema.extrautils2.tile.TileSoundMuffler,-
xu2:tilespotlight,com.rwtema.extrautils2.tile.TileSpotlight,-
xu2:tilesupermobspawner,com.rwtema.extrautils2.tile.TileSuperMobSpawner,+
xu2:tileteleporter,com.rwtema.extrautils2.tile.TileTeleporter,-
xu2:tileterraformer,com.rwtema.extrautils2.tile.TileTerraformer,+
xu2:tileterraformerclimograph,com.rwtema.extrautils2.tile.TileTerraformerClimograph,+
xu2:tiletransferholder,com.rwtema.extrautils2.transfernodes.TileTransferHolder,+
xu2:tiletrashcan,com.rwtema.extrautils2.tile.TileTrashCan,-
xu2:tiletrashcanenergy,com.rwtema.extrautils2.tile.TileTrashCanEnergy,-
xu2:tiletrashcanfluids,com.rwtema.extrautils2.tile.TileTrashCanFluids,-
xu2:tiletrashchest,com.rwtema.extrautils2.tile.TileTrashChest,-
xu2:tileuse,com.rwtema.extrautils2.tile.TileUse,+
xu2:xutesrtile,com.rwtema.extrautils2.backend.XUBlockTESR$XUTESRTile,-